Supplier_ID,Country,Product_Type,Units_Produced,Material_Type,Reported_Emissions_kgCO2e,Emission_Factor,Source,Data_Confidence,ThirdParty_Estimate,Report_Month,Green_Certified,Prior_Violations,Audit_Score
SUP1000,India,Camera,77820,Plastic,97467.9,0.97,Internal,Medium,79199.2,2024-02,0,0,98
SUP1001,Germany,Frame,85478,Plastic,59595.3,0.64,Hybrid,Low,48815.6,2024-01,0,0,70
SUP1002,China,Screen,11627,Aluminium,42439.8,3.4,Hybrid,Medium,39321.8,2022-12,0,0,63
SUP1003,China,Chipset,68121,Lithium,130142.0,1.44,3rdParty,High,113789.3,2023-06,1,1,85
SUP1004,India,Battery,90789,Silicon,150162.6,1.67,Internal,High,119352.8,2023-03,0,0,58
SUP1005,China,Chipset,3695,Glass,4224.0,1.1,Hybrid,High,4209.0,2022-07,0,1,58
SUP1006,India,Screen,53256,Silicon,162122.5,2.69,3rdParty,Low,122999.9,2022-05,0,0,88
SUP1007,Germany,Battery,1206,Plastic,546.4,0.58,3rdParty,High,838.9,2022-07,0,0,85
SUP1008,Vietnam,Frame,94426,Lithium,382916.6,3.29,3rdParty,Low,343016.0,2024-02,0,0,82
SUP1009,China,Battery,67842,Aluminium,124212.8,2.95,Internal,Medium,220693.3,2022-10,0,1,81
SUP1010,China,Chipset,55384,Aluminium,63549.3,1.26,Internal,High,64041.9,2022-02,0,0,86
SUP1011,China,Battery,47717,Plastic,135030.4,2.09,Hybrid,Medium,63827.5,2022-11,0,0,87
SUP1012,Vietnam,Chipset,66733,Glass,198819.5,2.95,Hybrid,Medium,260913.8,2022-04,0,0,68
SUP1013,India,Chipset,9680,Aluminium,19581.2,1.69,Hybrid,Medium,16708.2,2024-01,0,0,91
SUP1014,Germany,Chipset,97601,Aluminium,216487.7,2.05,Internal,Medium,195421.9,2023-04,1,1,82
SUP1015,India,Frame,33711,Lithium,114651.6,3.2,Internal,High,94133.1,2023-02,0,0,65
SUP1016,Vietnam,Battery,95179,Aluminium,45213.6,0.55,Hybrid,Medium,57577.8,2022-01,0,0,71
SUP1017,Vietnam,Frame,77213,Glass,153892.1,1.8,Hybrid,Medium,94172.1,2022-05,0,0,53
SUP1018,Germany,Battery,74744,Lithium,272285.0,3.32,Internal,High,222892.8,2022-01,0,0,74
SUP1019,USA,Screen,52885,Plastic,155181.1,2.35,Internal,Low,135312.7,2022-09,1,0,78
SUP1020,USA,Screen,51993,Aluminium,114739.7,2.33,3rdParty,Low,103277.9,2023-11,0,0,81
SUP1021,Germany,Battery,53921,Silicon,142262.0,3.02,3rdParty,Low,169717.4,2023-10,0,0,57
SUP1022,Vietnam,Chipset,4051,Lithium,15183.5,2.37,Internal,Low,15138.0,2022-10,0,0,68
SUP1023,India,Screen,26945,Silicon,30013.3,1.05,Internal,High,25774.9,2024-02,0,0,97
SUP1024,China,Camera,4343,Silicon,16476.8,2.71,Hybrid,Medium,9931.8,2024-01,0,0,96
SUP1025,China,Chipset,30124,Lithium,17419.2,0.55,Internal,Medium,17657.5,2022-05,0,0,54
SUP1026,India,Screen,41158,Plastic,109517.8,2.38,Hybrid,Low,87884.4,2023-08,0,0,82
SUP1027,China,Camera,94610,Silicon,253295.8,2.38,Hybrid,High,285549.5,2023-01,0,0,99
SUP1028,Germany,Battery,95297,Silicon,256343.8,3.03,Internal,High,322340.5,2024-01,1,0,59
SUP1029,Vietnam,Battery,36735,Glass,106839.9,3.47,Hybrid,Medium,110348.9,2023-11,1,1,98
SUP1030,Vietnam,Battery,69450,Aluminium,162966.6,1.63,Hybrid,Medium,75673.8,2022-12,1,0,58
SUP1031,India,Chipset,55098,Plastic,88541.1,2.4,Internal,Medium,110271.2,2023-09,1,0,88
SUP1032,Vietnam,Camera,22545,Plastic,15121.2,0.67,3rdParty,Low,11209.5,2022-09,1,0,87
SUP1033,Vietnam,Screen,63856,Plastic,220843.9,3.18,3rdParty,Low,167779.7,2023-04,1,1,66
SUP1034,China,Camera,92267,Lithium,147962.3,1.63,3rdParty,High,112517.4,2022-08,0,0,50
SUP1035,Germany,Camera,81219,Aluminium,145129.4,1.62,3rdParty,Medium,120961.5,2024-02,0,1,96
SUP1036,Vietnam,Camera,62642,Lithium,47623.5,0.72,3rdParty,High,68739.1,2022-01,0,0,65
SUP1037,China,Frame,79859,Plastic,273762.9,3.35,Internal,High,332755.3,2022-04,0,0,99
SUP1038,India,Chipset,5835,Glass,12886.6,2.59,Internal,High,13618.7,2022-03,1,1,54
SUP1039,China,Screen,66545,Plastic,149664.7,2.15,3rdParty,Low,120235.0,2023-03,0,0,74
SUP1040,Germany,Frame,87704,Silicon,80534.0,0.69,Hybrid,Medium,66588.0,2022-05,1,0,70
SUP1041,China,Battery,46106,Silicon,120671.8,2.32,3rdParty,Medium,84508.6,2022-08,0,0,52
SUP1042,Germany,Screen,38131,Aluminium,93080.7,2.16,Hybrid,Medium,72284.3,2022-05,0,0,88
SUP1043,India,Screen,7949,Plastic,14442.2,2.27,Hybrid,Medium,10397.4,2024-01,0,0,79
SUP1044,USA,Frame,44088,Silicon,139772.1,2.89,3rdParty,Medium,146517.3,2022-11,0,0,96
SUP1045,China,Frame,12637,Lithium,14046.1,1.05,Hybrid,Medium,11895.9,2023-06,0,0,70
SUP1046,Vietnam,Screen,37668,Silicon,68501.8,2.15,3rdParty,Medium,48106.7,2024-01,0,0,92
SUP1047,Vietnam,Battery,96257,Lithium,221012.1,2.92,Hybrid,Medium,277253.5,2023-12,0,0,72
SUP1048,USA,Camera,5621,Glass,7840.5,1.26,Internal,Low,12103.5,2022-06,0,0,74
SUP1049,Vietnam,Chipset,91825,Aluminium,311839.9,3.02,Internal,Low,254395.3,2023-08,0,0,90
SUP1050,Vietnam,Screen,27734,Lithium,72882.8,2.11,Internal,Medium,53443.2,2023-08,0,0,94
SUP1051,Vietnam,Battery,59656,Silicon,44144.3,0.81,3rdParty,High,41467.0,2023-12,1,0,80
SUP1052,Vietnam,Chipset,10111,Plastic,24053.1,2.23,3rdParty,Medium,26203.6,2022-08,0,0,54
SUP1053,USA,Chipset,92922,Lithium,184696.2,2.02,3rdParty,Medium,186173.7,2022-06,0,0,85
SUP1054,Vietnam,Frame,48362,Aluminium,66546.2,1.61,3rdParty,High,67645.3,2022-05,0,0,64
SUP1055,Germany,Battery,84524,Lithium,310348.2,3.4,Internal,High,258469.6,2022-03,0,0,71
SUP1056,India,Camera,9007,Glass,23154.4,2.89,Hybrid,Medium,26714.4,2022-04,0,0,67
SUP1057,Germany,Camera,73101,Aluminium,146385.4,2.74,Internal,Medium,192480.6,2022-02,0,1,88
SUP1058,Germany,Frame,97646,Glass,141994.1,1.5,Hybrid,Medium,170591.0,2022-06,1,0,76
SUP1059,China,Chipset,20029,Plastic,64995.3,2.79,3rdParty,Medium,79940.5,2023-03,1,0,64
SUP1060,Vietnam,Camera,15382,Lithium,53719.0,2.67,Hybrid,Medium,48332.7,2023-08,0,1,87
SUP1061,USA,Frame,3443,Plastic,12631.9,2.26,Hybrid,Medium,9480.4,2022-11,1,0,53
SUP1062,Vietnam,Camera,1126,Plastic,2883.2,2.81,3rdParty,Low,2769.5,2023-10,1,0,89
SUP1063,Vietnam,Battery,76060,Aluminium,86969.0,1.12,Hybrid,Medium,102593.9,2024-01,1,1,56
SUP1064,USA,Frame,58761,Glass,82455.0,1.86,Hybrid,High,101226.0,2023-09,1,0,92
SUP1065,USA,Chipset,17241,Silicon,34189.1,2.05,3rdParty,Low,37333.0,2022-08,0,0,62
SUP1066,Germany,Frame,34719,Glass,60282.8,1.55,Hybrid,High,80285.0,2023-02,1,0,77
SUP1067,China,Screen,12485,Glass,12138.3,0.97,Hybrid,Medium,11039.7,2022-10,0,0,82
SUP1068,India,Screen,86382,Silicon,130836.5,1.72,3rdParty,Medium,125106.6,2022-05,0,0,96
SUP1069,USA,Frame,35911,Glass,78004.9,3.39,3rdParty,High,85730.4,2022-07,1,0,97
SUP1070,Vietnam,Frame,14859,Silicon,20100.5,1.76,Internal,Medium,28932.6,2022-09,0,0,71
SUP1071,India,Battery,49285,Glass,122741.8,3.18,Hybrid,Medium,164045.9,2022-09,0,0,88
SUP1072,China,Frame,52693,Lithium,53395.7,0.9,Internal,Low,58113.8,2022-09,0,0,74
SUP1073,USA,Chipset,2622,Silicon,1520.9,0.53,Internal,Medium,1752.5,2022-07,0,0,70
SUP1074,India,Screen,37397,Plastic,37170.6,1.0,Internal,Low,25740.7,2022-11,0,0,88
SUP1075,Germany,Screen,54302,Silicon,117045.5,1.95,Hybrid,Medium,73509.4,2022-11,1,1,92
SUP1076,USA,Battery,33921,Plastic,26893.2,0.82,3rdParty,Medium,39500.2,2022-03,1,0,93
SUP1077,Germany,Screen,24051,Glass,37901.6,1.44,Internal,High,41433.6,2023-04,1,0,70
SUP1078,China,Camera,68957,Aluminium,290122.9,3.21,3rdParty,Medium,258627.5,2023-05,0,0,56
SUP1079,Vietnam,Battery,12122,Plastic,22668.5,1.77,Hybrid,Medium,23902.5,2022-10,0,0,73
SUP1080,Germany,Chipset,97443,Silicon,75931.9,0.73,Hybrid,Low,60391.4,2022-04,1,0,67
SUP1081,China,Camera,80273,Lithium,108075.0,1.2,Hybrid,High,98545.9,2023-02,0,0,78
SUP1082,Vietnam,Chipset,13984,Lithium,56144.7,3.45,3rdParty,High,60657.7,2023-01,0,0,53
SUP1083,USA,Camera,41600,Aluminium,109130.1,3.23,Hybrid,Low,120335.4,2022-05,0,0,95
SUP1084,Germany,Camera,81097,Aluminium,196519.9,2.73,Hybrid,Medium,197313.0,2022-10,0,0,90
SUP1085,China,Screen,56554,Silicon,37905.4,0.67,3rdParty,Medium,30729.6,2023-05,0,0,87
SUP1086,Vietnam,Camera,76758,Aluminium,164265.9,2.28,Internal,Low,148682.3,2024-01,1,0,64
SUP1087,China,Camera,59762,Glass,81762.8,1.34,3rdParty,High,86487.4,2023-04,0,0,66
SUP1088,USA,Camera,3396,Glass,9482.4,2.97,3rdParty,Medium,7676.6,2023-04,0,1,97
SUP1089,China,Camera,34130,Silicon,106476.5,2.59,3rdParty,High,120817.3,2022-05,1,1,80
SUP1090,USA,Screen,3719,Glass,5382.7,1.19,Internal,Medium,4318.5,2023-05,0,0,83
SUP1091,India,Camera,2007,Glass,5658.9,2.78,Hybrid,Medium,5286.5,2023-03,1,0,53
SUP1092,India,Chipset,8491,Glass,10467.2,1.0,Hybrid,Low,7859.7,2023-02,1,1,85
SUP1093,Germany,Frame,22427,Silicon,43133.4,1.65,Hybrid,Medium,33482.8,2024-02,0,0,53
SUP1094,China,Frame,7540,Aluminium,9126.0,0.99,Hybrid,Low,9732.3,2022-12,0,0,96
SUP1095,Vietnam,Frame,54331,Glass,80561.1,1.32,3rdParty,High,85063.5,2022-03,0,0,61
SUP1096,USA,Chipset,19639,Glass,66206.9,3.4,3rdParty,Medium,78279.3,2022-07,0,0,73
SUP1097,India,Screen,53098,Lithium,139101.6,2.89,Internal,Medium,162903.1,2023-08,0,0,71
SUP1098,Vietnam,Camera,55615,Glass,156091.2,3.45,Hybrid,Medium,154058.8,2022-11,0,1,87
SUP1099,China,Frame,33981,Glass,31963.0,0.81,3rdParty,High,24571.3,2022-01,0,0,82
SUP1100,USA,Battery,28424,Aluminium,37972.7,1.55,3rdParty,Low,53898.0,2022-10,0,0,60
SUP1101,Vietnam,Frame,50786,Aluminium,180474.3,3.31,3rdParty,Low,155730.3,2022-08,1,0,96
SUP1102,Germany,Frame,47163,Lithium,130947.1,2.29,Hybrid,Medium,142958.3,2024-01,1,0,95
SUP1103,India,Camera,84847,Silicon,231453.6,2.87,3rdParty,High,331833.0,2023-07,0,1,90
SUP1104,Germany,Frame,61315,Plastic,79234.9,1.71,Internal,Low,110221.7,2024-02,1,0,53
SUP1105,India,Chipset,40443,Lithium,24830.5,0.62,3rdParty,Medium,29052.4,2022-04,1,1,55
SUP1106,USA,Frame,18778,Plastic,52030.6,3.24,Hybrid,Medium,81728.5,2022-04,1,0,93
SUP1107,USA,Camera,65324,Silicon,123602.0,1.81,3rdParty,Medium,105824.7,2024-01,0,0,66
SUP1108,Germany,Battery,93152,Lithium,120919.0,1.27,Internal,High,93353.2,2022-11,1,0,65
SUP1109,USA,Camera,77619,Aluminium,157744.9,1.79,Internal,High,103731.7,2023-10,0,0,86
SUP1110,Vietnam,Chipset,93324,Aluminium,350111.3,3.03,Internal,High,275251.1,2023-02,0,0,69
SUP1111,USA,Camera,81896,Glass,153604.8,1.86,Internal,Medium,172289.9,2022-12,0,1,73
SUP1112,Germany,Frame,66661,Plastic,104576.6,1.47,Hybrid,Medium,101576.4,2023-08,0,0,65
SUP1113,USA,Screen,83811,Plastic,66590.6,1.07,3rdParty,Low,81888.8,2023-10,0,0,75
SUP1114,Germany,Screen,56409,Plastic,156538.5,2.35,Hybrid,Low,165126.3,2023-02,0,0,75
SUP1115,India,Screen,18087,Aluminium,60260.6,3.1,Hybrid,Low,56356.5,2022-06,0,0,55
SUP1116,USA,Screen,97652,Aluminium,156565.7,1.45,Internal,Medium,163925.3,2022-12,0,0,68
SUP1117,India,Camera,84360,Aluminium,149322.5,2.14,Hybrid,Medium,155347.4,2023-02,0,0,58
SUP1118,Germany,Camera,94977,Plastic,119494.9,1.94,Hybrid,Medium,191098.3,2023-11,1,0,92
SUP1119,Vietnam,Camera,34174,Glass,24622.6,0.52,Internal,Medium,23349.2,2023-07,0,1,71
SUP1120,Germany,Screen,47413,Silicon,139853.1,2.35,3rdParty,Medium,135804.5,2023-06,0,1,75
SUP1121,China,Frame,45139,Plastic,128686.9,2.9,Internal,Medium,115728.7,2022-10,1,0,56
SUP1122,China,Chipset,72031,Silicon,189249.3,2.4,Internal,Medium,176698.6,2023-03,0,0,91
SUP1123,China,Screen,35084,Lithium,44441.6,1.32,3rdParty,Low,58102.6,2023-07,0,0,99
SUP1124,Vietnam,Battery,18633,Aluminium,29908.9,1.15,3rdParty,Medium,16658.7,2024-01,0,1,84
SUP1125,Vietnam,Screen,95018,Plastic,199094.5,1.78,Hybrid,Medium,212006.5,2023-02,0,0,91
SUP1126,Vietnam,Chipset,74379,Glass,88422.0,1.7,3rdParty,Medium,86131.9,2022-12,0,0,87
SUP1127,USA,Frame,46113,Glass,58320.5,1.07,3rdParty,Medium,53301.5,2022-02,0,0,71
SUP1128,India,Screen,61963,Silicon,62927.7,1.03,Internal,Low,46977.2,2022-12,0,0,69
SUP1129,Germany,Camera,73982,Lithium,226252.8,3.42,3rdParty,Medium,295341.8,2022-06,0,0,81
SUP1130,China,Camera,77559,Lithium,171035.9,2.85,Hybrid,High,169576.2,2022-01,0,0,72
SUP1131,USA,Chipset,65977,Glass,230869.4,2.86,3rdParty,Medium,253921.1,2023-05,0,0,84
SUP1132,USA,Frame,95031,Lithium,247132.5,2.96,3rdParty,Low,273779.6,2024-01,0,0,80
SUP1133,China,Camera,12138,Glass,20549.3,1.7,Internal,High,17443.6,2024-01,0,0,61
SUP1134,India,Camera,75270,Lithium,124109.6,1.82,Hybrid,High,156089.7,2023-07,0,0,74
SUP1135,USA,Frame,50841,Silicon,95206.7,2.36,Internal,High,68176.5,2022-09,1,0,56
SUP1136,India,Battery,98539,Lithium,423030.8,3.49,3rdParty,Medium,427091.7,2022-05,1,0,84
SUP1137,Germany,Chipset,28605,Silicon,39022.2,1.66,3rdParty,High,31970.8,2022-10,0,0,54
SUP1138,China,Camera,23740,Plastic,31431.3,1.22,Hybrid,Medium,29610.1,2023-11,0,0,83
SUP1139,India,Chipset,34361,Glass,43924.0,1.63,Internal,Low,27540.5,2023-05,1,0,58
SUP1140,China,Battery,65641,Lithium,48238.8,0.73,Hybrid,Medium,57480.6,2022-08,1,0,64
SUP1141,China,Chipset,26431,Silicon,23635.7,0.95,Internal,High,31359.5,2022-08,0,0,94
SUP1142,Germany,Frame,77816,Silicon,96125.1,2.03,Internal,Medium,114417.9,2022-08,0,0,81
SUP1143,India,Battery,18630,Aluminium,45747.3,3.43,Internal,Medium,43284.2,2024-02,0,1,59
SUP1144,Vietnam,Chipset,26227,Glass,131247.8,3.44,3rdParty,High,118769.8,2023-03,0,0,58
SUP1145,China,Frame,55093,Lithium,89987.9,1.67,Internal,Medium,82642.7,2023-07,1,0,84
SUP1146,USA,Battery,38643,Aluminium,78640.6,2.13,Hybrid,Medium,53441.2,2023-10,1,1,78
SUP1147,Vietnam,Screen,14057,Silicon,30220.9,2.56,Internal,Medium,36535.8,2022-05,0,0,68
SUP1148,Vietnam,Chipset,10496,Silicon,9998.9,0.98,Internal,High,11690.1,2022-03,0,0,92
SUP1149,China,Screen,35196,Glass,39926.4,1.06,3rdParty,Low,29722.1,2024-02,0,0,63
SUP1150,China,Screen,41372,Aluminium,119716.8,2.54,3rdParty,Medium,116924.1,2022-04,1,1,84
SUP1151,USA,Camera,74445,Silicon,23750.2,0.51,Internal,High,23162.9,2023-11,1,0,52
SUP1152,Vietnam,Screen,96286,Lithium,279162.7,2.18,Hybrid,Medium,213630.4,2023-02,0,0,61
SUP1153,USA,Camera,44934,Lithium,82659.5,2.05,Hybrid,Medium,95877.3,2022-01,0,0,77
SUP1154,Germany,Frame,17184,Lithium,21072.5,1.4,Hybrid,Medium,18474.4,2023-02,1,0,75
SUP1155,Vietnam,Battery,96804,Plastic,133499.0,1.5,Internal,Low,167344.4,2023-07,1,0,95
SUP1156,USA,Frame,95788,Silicon,116084.8,1.89,3rdParty,High,136028.7,2022-07,1,1,73
SUP1157,China,Chipset,43821,Aluminium,37725.4,0.98,Hybrid,Low,47048.3,2024-01,1,0,93
SUP1158,USA,Chipset,1162,Lithium,3422.7,2.86,3rdParty,High,4067.2,2023-01,1,0,67
SUP1159,USA,Frame,16892,Lithium,23302.0,1.45,Hybrid,High,24437.8,2023-12,0,0,97
SUP1160,Vietnam,Screen,78465,Lithium,300529.1,2.86,Internal,Medium,184858.3,2024-01,1,1,90
SUP1161,China,Screen,30300,Lithium,58491.0,1.75,Internal,Medium,49619.3,2022-02,0,0,88
SUP1162,China,Battery,68169,Plastic,157543.5,1.95,Internal,Medium,73169.5,2022-12,0,0,59
SUP1163,Germany,Frame,11800,Silicon,12332.9,0.99,3rdParty,High,8888.5,2022-08,1,1,77
SUP1164,Germany,Camera,28624,Plastic,121307.8,2.75,Internal,Medium,88110.5,2022-03,0,0,74
SUP1165,Germany,Screen,33658,Silicon,107952.0,3.39,Internal,Medium,75614.3,2023-09,0,0,64
SUP1166,USA,Screen,7971,Lithium,14941.9,2.17,Hybrid,Low,20787.4,2022-01,0,0,57
SUP1167,Vietnam,Chipset,18071,Glass,22051.6,1.44,Internal,Medium,31098.5,2023-11,0,0,83
SUP1168,India,Chipset,2125,Plastic,5875.3,1.78,3rdParty,Medium,4722.2,2022-03,0,1,87
SUP1169,USA,Frame,82835,Aluminium,159316.3,1.91,Internal,High,206040.5,2023-10,1,0,75
SUP1170,Vietnam,Chipset,86751,Plastic,61443.8,0.8,3rdParty,Medium,56799.1,2023-11,0,0,54
SUP1171,India,Frame,77637,Glass,156806.7,2.4,3rdParty,Medium,125043.6,2023-12,0,0,58
SUP1172,India,Chipset,56296,Glass,119333.8,2.58,3rdParty,Low,141219.3,2023-05,1,0,62
SUP1173,USA,Frame,87661,Glass,35893.6,0.5,3rdParty,Medium,29391.8,2022-04,0,0,68
SUP1174,Germany,Chipset,9472,Plastic,29960.3,3.4,Internal,Low,39098.4,2022-09,0,0,68
SUP1175,India,Camera,80676,Lithium,47975.0,0.79,Hybrid,High,62926.8,2022-09,0,0,53
SUP1176,Germany,Chipset,51139,Plastic,143869.0,2.5,3rdParty,Medium,159855.6,2022-11,1,1,70
SUP1177,Vietnam,Chipset,45900,Glass,86854.6,1.97,Internal,Medium,113454.0,2023-05,0,1,57
SUP1178,Vietnam,Chipset,7581,Lithium,11943.6,1.89,Internal,Medium,12810.1,2023-08,1,0,56
SUP1179,India,Chipset,88445,Lithium,177836.3,1.96,3rdParty,Medium,171989.9,2022-09,0,0,55
SUP1180,China,Screen,27512,Silicon,35636.1,1.92,Internal,Medium,56330.3,2023-05,0,0,95
SUP1181,China,Frame,95611,Lithium,72629.3,1.35,3rdParty,Medium,80479.4,2023-10,1,0,86
SUP1182,China,Battery,34623,Silicon,59245.4,1.54,Hybrid,Medium,81512.2,2023-02,0,0,68
SUP1183,India,Camera,56284,Silicon,147721.6,2.32,Hybrid,Low,115708.2,2022-05,0,0,72
SUP1184,Vietnam,Battery,23190,Lithium,50049.3,2.56,Hybrid,Medium,32909.2,2022-08,1,0,64
SUP1185,China,Screen,37636,Aluminium,88198.3,2.44,3rdParty,Medium,100800.4,2023-10,0,0,52
SUP1186,India,Frame,63068,Plastic,158332.6,2.09,Hybrid,Medium,70913.5,2024-02,1,0,80
SUP1187,China,Battery,8461,Lithium,15512.8,1.66,Internal,High,19751.6,2023-09,1,0,93
SUP1188,USA,Frame,85162,Lithium,190317.8,2.24,Internal,Medium,173893.4,2022-02,0,0,53
SUP1189,Vietnam,Battery,94376,Lithium,92199.1,1.52,Hybrid,Medium,151901.9,2022-11,0,0,54
SUP1190,USA,Chipset,92575,Lithium,215072.4,2.18,3rdParty,Medium,130845.3,2023-03,0,0,86
SUP1191,USA,Chipset,9036,Glass,28797.0,3.17,Internal,High,26298.3,2023-03,0,0,81
SUP1192,India,Camera,4236,Aluminium,10986.6,2.16,3rdParty,Low,10124.7,2023-01,0,0,95
SUP1193,India,Camera,75027,Glass,209158.7,2.17,Internal,Medium,116086.1,2023-03,1,0,66
SUP1194,Germany,Chipset,58169,Aluminium,187867.3,2.88,Internal,Medium,199651.0,2023-07,0,0,83
SUP1195,Germany,Camera,4630,Lithium,2937.7,0.61,Internal,Medium,3712.8,2023-08,0,0,55
SUP1196,China,Frame,61011,Lithium,134374.8,2.76,3rdParty,Medium,224490.7,2023-03,0,1,99
SUP1197,China,Frame,56220,Glass,91282.8,1.72,Hybrid,Low,95590.1,2023-04,1,0,94
SUP1198,China,Battery,63320,Aluminium,119227.5,3.18,3rdParty,Medium,241291.3,2023-10,1,0,91
SUP1199,Vietnam,Chipset,12944,Glass,13713.5,1.13,Hybrid,High,17466.3,2022-04,1,0,86
SUP1200,Vietnam,Camera,8295,Aluminium,27901.6,2.8,3rdParty,High,23914.7,2022-04,0,0,84
SUP1201,Germany,Chipset,62388,Silicon,155967.8,2.59,Internal,Medium,170700.5,2022-10,0,0,51
SUP1202,USA,Screen,47092,Lithium,108437.9,3.09,3rdParty,Medium,110857.5,2023-09,1,0,79
SUP1203,Vietnam,Camera,35324,Glass,44975.4,1.57,Internal,Medium,55046.0,2022-10,0,0,69
SUP1204,USA,Screen,17237,Lithium,18908.5,1.41,Hybrid,High,22019.5,2023-06,1,0,90
SUP1205,India,Battery,90678,Aluminium,47477.0,0.5,3rdParty,Medium,52559.9,2023-11,0,0,55
SUP1206,Vietnam,Chipset,56103,Silicon,185522.9,3.29,3rdParty,Low,220267.5,2023-01,0,0,61
SUP1207,Germany,Camera,33441,Plastic,65195.0,2.19,Internal,Medium,80750.9,2023-01,0,0,60
SUP1208,China,Chipset,55040,Aluminium,56564.0,0.82,Hybrid,Medium,46575.7,2022-09,0,0,63
SUP1209,Germany,Chipset,55120,Lithium,167474.9,3.08,Hybrid,Medium,119127.7,2022-09,0,0,71
SUP1210,China,Chipset,77396,Silicon,49145.7,0.61,3rdParty,Medium,54139.0,2023-09,0,0,50
SUP1211,India,Camera,34002,Glass,86184.6,2.5,Internal,High,89447.8,2023-09,0,0,87
SUP1212,USA,Battery,40779,Plastic,25936.0,0.59,Internal,Medium,20871.5,2022-04,0,0,50
SUP1213,India,Chipset,44791,Aluminium,92926.9,2.06,3rdParty,Medium,100067.5,2023-09,0,0,56
SUP1214,India,Battery,21093,Lithium,9239.9,0.5,Internal,Medium,13142.7,2022-04,1,0,78
SUP1215,USA,Screen,32131,Silicon,84198.9,2.74,3rdParty,Low,93224.9,2023-11,1,1,99
SUP1216,Germany,Chipset,50429,Aluminium,73368.0,1.11,Internal,Low,46568.4,2022-08,1,0,60
SUP1217,Germany,Battery,34840,Lithium,49818.8,1.51,Hybrid,Medium,64302.0,2023-06,0,1,69
SUP1218,India,Battery,48562,Aluminium,141149.9,3.37,Internal,Medium,192929.9,2023-10,1,0,95
SUP1219,Vietnam,Frame,38853,Silicon,78838.6,1.94,Internal,Low,85804.2,2023-01,0,0,93
SUP1220,China,Chipset,60234,Lithium,188324.7,3.48,Hybrid,High,247417.7,2023-06,1,0,78
SUP1221,Germany,Camera,29001,Aluminium,90069.5,3.38,Hybrid,Medium,84985.3,2022-10,0,0,96
SUP1222,China,Frame,22542,Aluminium,26995.7,0.99,3rdParty,Medium,24024.0,2022-10,1,0,91
SUP1223,India,Screen,21022,Glass,24271.8,1.26,Internal,High,18768.7,2022-04,0,0,76
SUP1224,USA,Frame,68712,Aluminium,125580.7,2.78,Internal,Medium,173529.1,2024-02,0,0,78
SUP1225,India,Camera,67641,Lithium,223973.7,3.04,Internal,High,236169.3,2023-05,0,0,90
SUP1226,Vietnam,Chipset,79532,Glass,126129.4,2.19,Hybrid,Low,137221.0,2022-07,1,0,63
SUP1227,India,Screen,9275,Plastic,8506.1,1.11,Hybrid,Medium,11235.4,2023-02,0,0,53
SUP1228,USA,Frame,47976,Glass,45923.8,0.79,3rdParty,Low,50055.4,2023-11,0,0,94
SUP1229,Vietnam,Camera,58149,Aluminium,30543.5,0.5,Internal,Medium,13515.8,2022-08,0,0,69
SUP1230,Germany,Frame,91453,Lithium,274843.6,3.4,Hybrid,Medium,376316.4,2022-05,1,0,63
SUP1231,China,Frame,8214,Lithium,26991.8,3.45,Internal,High,38083.6,2023-04,0,0,59
SUP1232,Germany,Screen,98022,Aluminium,167108.1,1.31,Hybrid,Medium,136050.2,2023-09,0,0,74
SUP1233,Germany,Chipset,34872,Aluminium,60185.9,1.85,Hybrid,Medium,58759.5,2022-01,0,0,66
SUP1234,USA,Frame,67216,Silicon,55408.4,0.93,Internal,Low,76333.4,2022-01,0,0,85
SUP1235,India,Screen,42328,Glass,139562.9,2.85,Internal,Low,125712.1,2023-11,0,0,68
SUP1236,China,Battery,11578,Silicon,26470.3,2.01,Hybrid,Low,27348.1,2023-04,0,1,69
SUP1237,India,Chipset,28798,Plastic,98340.9,3.11,Hybrid,Medium,95321.2,2023-11,0,0,68
SUP1238,Germany,Screen,54747,Lithium,55638.0,1.06,3rdParty,Medium,53484.4,2024-01,1,0,82
SUP1239,USA,Battery,82938,Silicon,48141.7,0.72,Internal,Medium,39052.6,2023-10,1,0,72
SUP1240,Germany,Camera,23931,Silicon,33905.3,1.48,Internal,Medium,38063.4,2024-02,0,0,98
SUP1241,India,Frame,60778,Plastic,139012.6,2.05,3rdParty,Medium,159218.5,2024-02,0,0,78
SUP1242,India,Frame,69136,Lithium,217063.6,2.3,3rdParty,Medium,226355.4,2022-04,0,0,53
SUP1243,China,Frame,43137,Aluminium,44139.0,0.96,3rdParty,Medium,48134.2,2024-01,0,0,94
SUP1244,India,Battery,66618,Aluminium,101328.9,1.16,3rdParty,High,69310.3,2023-06,1,0,70
SUP1245,China,Chipset,95574,Lithium,232331.4,1.8,Internal,Medium,234880.9,2023-06,1,0,98
SUP1246,Vietnam,Chipset,55318,Aluminium,50137.2,1.14,Hybrid,High,56515.1,2022-01,0,0,97
SUP1247,USA,Screen,27149,Glass,56770.3,1.98,Hybrid,Medium,42993.0,2022-01,0,1,57
SUP1248,Germany,Screen,24248,Aluminium,29653.3,1.12,3rdParty,High,23390.9,2022-06,0,0,92
SUP1249,Vietnam,Chipset,74233,Plastic,180477.6,2.0,Internal,Medium,214003.8,2022-07,0,0,53
SUP1250,India,Battery,26398,Glass,44801.0,1.73,Internal,Medium,37702.4,2023-09,1,0,96
SUP1251,India,Frame,83722,Lithium,93342.7,1.37,3rdParty,Medium,93085.3,2023-09,1,0,73
SUP1252,China,Camera,3591,Silicon,3575.9,1.48,Hybrid,Low,5114.0,2022-07,0,1,91
SUP1253,China,Chipset,91063,Glass,94477.9,1.74,3rdParty,Medium,114062.5,2023-04,0,0,89
SUP1254,Vietnam,Screen,42605,Lithium,89856.4,2.04,3rdParty,Medium,71300.0,2022-11,0,0,68
SUP1255,India,Frame,9328,Aluminium,20767.5,1.79,Hybrid,Medium,17480.1,2023-06,0,0,50
SUP1256,USA,Camera,13207,Silicon,36756.3,2.59,Internal,High,39407.6,2022-05,1,0,98
SUP1257,Vietnam,Battery,37413,Aluminium,98792.8,3.07,Internal,Medium,153432.3,2024-02,0,0,77
SUP1258,China,Battery,34272,Aluminium,67542.9,1.96,3rdParty,Medium,54871.5,2023-03,0,0,79
SUP1259,China,Screen,44442,Plastic,29217.5,0.7,Internal,Medium,36212.0,2023-03,0,0,94
SUP1260,USA,Screen,7476,Silicon,23559.4,3.47,Hybrid,Medium,26546.1,2022-04,0,0,80
SUP1261,Germany,Frame,65925,Glass,180340.8,2.99,Hybrid,Low,231829.7,2023-12,0,0,57
SUP1262,China,Screen,35660,Silicon,68631.5,1.55,Internal,Medium,51646.6,2022-06,1,1,72
SUP1263,Germany,Camera,82471,Plastic,384952.2,3.17,3rdParty,Medium,367592.8,2023-01,1,0,89
SUP1264,Germany,Battery,65551,Silicon,79178.5,1.14,Internal,Medium,58829.1,2023-06,0,0,67
SUP1265,China,Battery,54442,Glass,108404.1,2.41,Internal,Medium,108052.1,2023-01,0,0,59
SUP1266,Vietnam,Chipset,25031,Lithium,70568.2,2.82,3rdParty,High,63557.3,2023-09,1,0,95
SUP1267,USA,Battery,3103,Glass,5033.5,2.04,Internal,Low,7148.5,2022-02,1,0,87
SUP1268,Germany,Chipset,76403,Glass,309096.0,3.3,Hybrid,High,266615.6,2023-01,0,0,70
SUP1269,Germany,Frame,15334,Lithium,40455.7,2.46,Hybrid,Low,46837.8,2022-11,0,1,54
SUP1270,Vietnam,Camera,97393,Glass,237794.4,2.24,Hybrid,Low,187219.6,2022-11,1,0,54
SUP1271,Germany,Camera,23164,Lithium,42541.4,1.98,3rdParty,Medium,53073.0,2022-11,1,0,76
SUP1272,USA,Frame,92051,Silicon,62335.3,0.66,Internal,Medium,63010.5,2022-04,0,0,71
SUP1273,USA,Battery,60821,Plastic,33982.6,0.56,Hybrid,Medium,39897.4,2022-08,1,1,52
SUP1274,India,Screen,6213,Silicon,5379.8,0.96,Hybrid,High,5128.0,2022-08,0,0,66
SUP1275,India,Chipset,40350,Glass,53719.9,1.13,Hybrid,High,41188.9,2023-07,0,1,96
SUP1276,China,Camera,70341,Lithium,70259.2,1.54,Internal,High,99122.2,2022-11,1,0,83
SUP1277,Germany,Chipset,70681,Plastic,62196.1,0.72,Internal,Medium,25855.0,2022-08,0,0,72
SUP1278,Germany,Camera,56863,Lithium,117109.5,2.98,3rdParty,High,170236.5,2022-06,1,0,73
SUP1279,Germany,Chipset,86103,Lithium,191739.3,1.96,Hybrid,Medium,161748.9,2023-11,0,0,58
SUP1280,Vietnam,Battery,34455,Plastic,95283.8,2.5,Hybrid,Medium,97401.1,2022-09,1,0,70
SUP1281,USA,Camera,15031,Aluminium,28517.7,1.98,Hybrid,High,23726.4,2023-04,0,0,53
SUP1282,Germany,Battery,36303,Silicon,138886.1,3.17,3rdParty,Medium,117754.5,2022-04,1,1,62
SUP1283,Germany,Chipset,82972,Glass,120357.4,1.16,3rdParty,Medium,103158.2,2022-06,1,0,55
SUP1284,Germany,Screen,87402,Glass,172745.4,1.51,Hybrid,High,207679.8,2023-01,0,0,98
SUP1285,India,Chipset,93876,Aluminium,75943.9,0.96,Internal,High,97626.8,2022-08,1,0,95
SUP1286,Germany,Screen,67670,Glass,204914.3,2.27,3rdParty,Low,169560.5,2023-06,0,0,62
SUP1287,Germany,Camera,65093,Silicon,39535.4,0.64,Hybrid,Low,54696.7,2022-10,1,0,79
SUP1288,China,Battery,32027,Aluminium,78004.6,3.02,Hybrid,High,85771.0,2022-01,0,0,60
SUP1289,Germany,Battery,76476,Silicon,203379.2,3.01,3rdParty,High,236162.4,2023-07,0,0,84
SUP1290,Germany,Frame,24383,Aluminium,51465.3,1.5,3rdParty,Medium,32013.0,2022-05,1,0,75
SUP1291,China,Frame,78475,Plastic,165683.5,1.87,Hybrid,Medium,215051.3,2023-07,0,0,89
SUP1292,Germany,Chipset,5992,Plastic,7224.8,1.53,3rdParty,Medium,6823.9,2022-02,0,0,91
SUP1293,China,Screen,99239,Plastic,95017.7,1.03,Hybrid,High,97968.0,2023-03,0,1,93
SUP1294,USA,Screen,99262,Plastic,335538.8,3.19,Internal,Medium,240039.4,2022-03,0,0,98
SUP1295,India,Camera,7589,Silicon,17163.7,2.09,3rdParty,High,10913.5,2023-03,0,0,54
SUP1296,China,Frame,57683,Lithium,158781.0,2.24,Internal,High,196524.0,2022-11,1,0,94
SUP1297,Vietnam,Camera,21922,Silicon,41297.0,2.26,3rdParty,Medium,37634.2,2023-07,0,0,61
SUP1298,USA,Camera,51042,Silicon,68105.9,1.24,Hybrid,High,63683.4,2022-12,0,0,86
SUP1299,China,Battery,30432,Plastic,49031.8,1.58,3rdParty,Low,50056.4,2023-04,0,0,66
SUP1300,USA,Camera,9848,Aluminium,17742.6,1.58,Hybrid,Low,14815.0,2023-01,0,0,84
SUP1301,India,Camera,14269,Plastic,32710.6,2.55,Internal,Medium,35663.1,2022-06,0,0,67
SUP1302,India,Battery,6368,Silicon,5694.1,1.17,Hybrid,Medium,9056.4,2023-04,0,0,66
SUP1303,Germany,Screen,38952,Glass,86884.6,1.56,3rdParty,High,57129.2,2023-03,0,0,65
SUP1304,India,Chipset,92419,Silicon,213772.5,2.63,Hybrid,Low,278364.6,2023-07,0,0,65
SUP1305,Germany,Screen,28877,Plastic,16021.5,0.63,3rdParty,Low,21953.8,2023-01,0,0,95
SUP1306,India,Chipset,4164,Plastic,9354.7,3.03,Hybrid,Medium,17679.3,2022-10,0,1,53
SUP1307,India,Battery,34576,Glass,50703.2,1.54,3rdParty,High,48968.9,2023-10,1,0,91
SUP1308,Germany,Battery,57635,Lithium,139689.7,2.48,Hybrid,Medium,98236.4,2023-11,0,0,94
SUP1309,China,Screen,67253,Plastic,46603.9,0.75,Internal,High,50929.9,2022-03,0,0,84
SUP1310,Germany,Frame,51772,Silicon,133559.5,3.34,Internal,Medium,124240.8,2023-10,0,0,67
SUP1311,Germany,Camera,74914,Plastic,202651.5,3.34,Hybrid,High,273360.2,2022-12,0,0,51
SUP1312,USA,Frame,5686,Lithium,11303.0,1.78,Internal,High,9064.3,2024-02,0,0,78
SUP1313,India,Camera,94846,Plastic,231296.8,2.49,Internal,Medium,242139.6,2022-04,0,0,62
SUP1314,USA,Camera,54311,Silicon,144611.9,2.78,3rdParty,High,124457.5,2023-06,0,0,94
SUP1315,Germany,Screen,65140,Glass,147138.0,2.42,Hybrid,High,127543.4,2022-07,0,0,96
SUP1316,China,Chipset,84231,Lithium,66035.0,0.82,Internal,Low,58270.5,2023-01,1,0,56
SUP1317,India,Frame,78986,Aluminium,151831.7,2.02,3rdParty,Medium,208802.9,2023-12,0,1,95
SUP1318,Vietnam,Frame,32831,Aluminium,26075.8,0.89,Internal,Low,19887.7,2022-01,0,0,56
SUP1319,USA,Screen,99071,Lithium,92542.0,0.81,Hybrid,Medium,88888.2,2023-05,1,0,51
SUP1320,India,Chipset,57997,Lithium,147645.7,2.81,Internal,Medium,196484.3,2023-03,0,0,71
SUP1321,China,Chipset,60754,Glass,136329.8,2.7,3rdParty,Medium,82194.1,2022-09,0,0,81
SUP1322,China,Screen,23191,Lithium,56364.4,1.95,3rdParty,Medium,47769.2,2023-02,0,0,86
SUP1323,India,Chipset,68708,Silicon,59204.9,0.71,3rdParty,Low,48334.7,2024-02,0,0,85
SUP1324,Vietnam,Chipset,8189,Silicon,32303.2,3.2,Hybrid,High,29928.1,2023-01,0,0,53
SUP1325,Vietnam,Frame,72117,Lithium,118319.9,1.47,Hybrid,High,149349.9,2023-03,0,0,96
SUP1326,India,Screen,44116,Glass,90967.0,1.71,Hybrid,High,67044.6,2023-11,1,1,69
SUP1327,Germany,Camera,49924,Aluminium,85959.7,1.65,Internal,Medium,68362.2,2023-11,0,0,73
SUP1328,Germany,Camera,15389,Plastic,12239.9,0.7,Internal,Medium,10117.5,2023-08,0,0,82
SUP1329,Germany,Chipset,93868,Glass,49320.7,0.86,Hybrid,Low,70699.5,2023-10,1,0,92
SUP1330,Vietnam,Camera,53664,Lithium,114160.9,1.83,3rdParty,Medium,102047.6,2023-07,0,0,77
SUP1331,China,Chipset,64927,Glass,189419.6,3.0,Hybrid,High,206880.7,2024-02,0,1,83
SUP1332,Germany,Frame,43431,Lithium,69224.0,1.42,3rdParty,Low,71442.1,2022-07,0,0,74
SUP1333,India,Screen,2893,Lithium,4869.4,1.58,Internal,Low,4998.5,2023-10,0,0,60
SUP1334,China,Screen,77298,Lithium,229468.0,3.3,3rdParty,Low,262550.8,2023-07,0,0,84
SUP1335,India,Battery,61354,Lithium,76824.1,1.7,Hybrid,Medium,76613.3,2023-10,0,0,72
SUP1336,China,Screen,98557,Aluminium,269673.3,3.36,3rdParty,Low,423938.1,2022-01,0,0,83
SUP1337,India,Battery,18027,Glass,48766.2,2.59,Internal,High,52246.4,2022-04,0,0,76
SUP1338,China,Screen,1507,Silicon,1134.2,0.93,3rdParty,Medium,1163.1,2022-07,0,0,71
SUP1339,Germany,Screen,72947,Lithium,217687.5,2.85,Internal,Medium,207305.4,2024-02,1,0,55
SUP1340,India,Frame,75852,Plastic,185353.1,2.24,3rdParty,Medium,220823.3,2022-07,1,0,78
SUP1341,China,Frame,35493,Silicon,51906.5,1.82,3rdParty,High,83651.6,2022-07,1,0,86
SUP1342,USA,Battery,64851,Glass,58514.7,1.09,3rdParty,High,61293.7,2022-06,0,0,70
SUP1343,Germany,Chipset,79002,Aluminium,174616.0,2.21,Hybrid,High,160298.9,2022-07,0,0,96
SUP1344,Germany,Frame,63217,Lithium,78617.7,1.23,3rdParty,High,60353.7,2022-04,0,0,57
SUP1345,Vietnam,Frame,53719,Aluminium,126514.6,2.17,Internal,Medium,90316.9,2022-10,1,0,98
SUP1346,China,Screen,98624,Aluminium,358868.5,2.89,Internal,High,375371.1,2023-01,0,0,77
SUP1347,Germany,Frame,47751,Aluminium,92777.6,1.75,Hybrid,Medium,100528.5,2023-01,0,0,67
SUP1348,USA,Screen,86961,Silicon,122702.1,1.93,3rdParty,Medium,168131.8,2023-12,0,0,71
SUP1349,Germany,Screen,56371,Lithium,113008.4,1.76,Hybrid,High,101176.3,2023-05,1,1,84
SUP1350,Vietnam,Chipset,23837,Lithium,51961.1,2.53,Hybrid,Medium,69119.9,2023-01,0,0,82
SUP1351,Vietnam,Battery,97870,Glass,210466.9,2.21,Hybrid,Medium,159977.7,2023-06,0,0,76
SUP1352,China,Camera,35924,Aluminium,135361.2,2.89,Internal,Low,86286.8,2023-05,0,0,99
SUP1353,China,Frame,52448,Silicon,142460.4,2.7,Hybrid,High,130939.9,2022-03,0,0,98
SUP1354,India,Camera,40255,Silicon,49507.4,1.26,3rdParty,Low,34632.9,2022-02,0,0,74
SUP1355,Germany,Battery,43624,Plastic,39646.5,1.04,Hybrid,Medium,39516.8,2024-01,0,0,55
SUP1356,China,Frame,85518,Plastic,319540.8,2.82,Internal,Medium,174553.9,2024-02,1,0,84
SUP1357,China,Chipset,63532,Silicon,189898.9,2.19,Internal,High,196352.5,2023-01,1,0,57
SUP1358,Germany,Battery,60658,Glass,134093.9,3.21,Hybrid,Medium,223552.5,2022-07,0,0,75
SUP1359,Germany,Camera,87006,Aluminium,79562.9,0.96,Internal,Medium,82046.4,2023-01,0,0,55
SUP1360,Germany,Screen,45130,Plastic,43894.4,1.12,Internal,Medium,64939.9,2024-01,0,0,63
SUP1361,China,Frame,32186,Aluminium,18996.8,0.69,3rdParty,Medium,22153.4,2023-08,0,0,94
SUP1362,Vietnam,Frame,82417,Plastic,117909.5,1.32,Hybrid,Medium,107304.8,2023-07,0,0,60
SUP1363,Vietnam,Frame,22045,Glass,60872.9,2.94,Hybrid,Low,66412.3,2023-01,1,0,53
SUP1364,Germany,Frame,62826,Silicon,51627.6,0.66,Internal,Low,37771.2,2022-10,0,0,85
SUP1365,Vietnam,Battery,55970,Aluminium,122878.8,1.88,Hybrid,High,125058.2,2023-08,0,0,80
SUP1366,China,Chipset,48766,Plastic,86861.1,1.72,Hybrid,Medium,61077.2,2023-01,0,0,81
SUP1367,Vietnam,Chipset,30424,Silicon,88373.1,3.43,Internal,High,82991.8,2023-06,0,1,80
SUP1368,Vietnam,Battery,22029,Glass,25757.5,1.25,Internal,Medium,19388.9,2023-10,0,0,98
SUP1369,Germany,Battery,63287,Plastic,49019.0,0.64,3rdParty,Medium,52733.1,2022-07,1,0,65
SUP1370,Germany,Battery,94348,Aluminium,166241.1,1.76,Internal,Medium,164104.6,2022-04,0,0,92
SUP1371,Germany,Battery,11345,Aluminium,35352.2,2.75,Internal,Medium,26553.5,2023-06,0,0,92
SUP1372,Vietnam,Screen,47032,Plastic,149342.3,3.1,3rdParty,High,159495.4,2022-01,1,0,99
SUP1373,Germany,Camera,53116,Plastic,89854.6,1.54,Hybrid,High,72672.3,2022-01,1,0,96
SUP1374,Germany,Battery,42910,Lithium,78294.3,1.75,Internal,Medium,81740.0,2022-01,1,0,66
SUP1375,China,Frame,82463,Glass,167393.4,1.48,Hybrid,Low,128729.1,2022-08,0,0,85
SUP1376,USA,Frame,33016,Aluminium,100110.6,2.91,Internal,Medium,116981.8,2023-02,0,0,51
SUP1377,USA,Screen,25700,Aluminium,56790.8,2.01,Internal,High,60095.8,2023-09,0,0,55
SUP1378,Vietnam,Battery,71934,Plastic,102705.3,1.13,3rdParty,High,89211.4,2023-11,0,0,78
SUP1379,USA,Frame,60470,Glass,91363.8,1.08,Hybrid,Low,85069.8,2023-02,0,1,59
SUP1380,USA,Screen,96971,Silicon,147684.6,1.65,Internal,Medium,131245.7,2023-05,0,0,51
SUP1381,India,Screen,73902,Silicon,84584.7,1.53,3rdParty,Medium,124761.3,2023-04,0,0,94
SUP1382,China,Battery,5823,Silicon,13885.7,3.05,Internal,High,13573.3,2023-04,0,0,70
SUP1383,Vietnam,Screen,79518,Silicon,150467.1,2.16,Internal,Medium,196110.1,2023-05,0,0,80
SUP1384,India,Screen,55675,Glass,25760.2,0.66,3rdParty,Low,39712.1,2024-01,0,0,98
SUP1385,USA,Camera,64456,Plastic,122706.0,2.16,Hybrid,Medium,87686.1,2023-05,1,0,85
SUP1386,Vietnam,Chipset,57207,Silicon,149465.2,2.73,Internal,Medium,145628.9,2022-06,0,0,90
SUP1387,Germany,Screen,46254,Aluminium,92512.8,2.75,Internal,Medium,117156.3,2022-02,0,0,61
SUP1388,USA,Chipset,88968,Silicon,276242.9,2.35,3rdParty,High,104788.4,2023-11,0,0,97
SUP1389,India,Screen,32315,Lithium,110838.4,2.68,3rdParty,Low,102160.5,2023-02,0,0,95
SUP1390,Vietnam,Chipset,4089,Lithium,12058.0,3.03,Hybrid,Medium,10956.4,2023-09,0,0,54
SUP1391,Germany,Frame,13665,Silicon,41133.2,2.62,Internal,High,34518.0,2024-02,0,0,60
SUP1392,USA,Camera,9738,Plastic,27397.4,3.29,Hybrid,Medium,24670.7,2022-07,0,0,91
SUP1393,Vietnam,Battery,4203,Plastic,10591.0,2.68,3rdParty,High,10729.9,2023-07,0,0,61
SUP1394,China,Screen,3567,Plastic,4657.0,1.5,Internal,Medium,4115.2,2023-02,1,0,71
SUP1395,Vietnam,Chipset,76057,Lithium,180367.9,3.27,3rdParty,Low,262800.0,2022-12,0,1,55
SUP1396,China,Frame,9433,Glass,7691.2,0.76,Internal,Medium,5218.6,2023-12,1,0,61
SUP1397,USA,Frame,55857,Aluminium,169207.1,2.81,Hybrid,Medium,143840.9,2024-01,0,0,78
SUP1398,China,Camera,23785,Plastic,17253.4,0.8,3rdParty,Medium,20337.3,2023-12,0,1,59
SUP1399,India,Battery,53409,Plastic,223876.8,3.1,3rdParty,Medium,209547.0,2022-05,0,0,65
SUP1400,China,Chipset,87807,Plastic,63678.6,0.67,Internal,Medium,75828.7,2022-03,1,0,61
SUP1401,USA,Frame,5763,Plastic,10195.1,1.63,Internal,Medium,11879.9,2024-02,0,0,89
SUP1402,India,Battery,60935,Silicon,118823.7,2.11,Hybrid,High,111459.3,2022-07,1,0,64
SUP1403,India,Camera,61101,Aluminium,64070.4,1.13,Hybrid,Medium,62880.1,2023-04,0,0,88
SUP1404,Vietnam,Frame,57463,Silicon,220303.2,3.46,Internal,High,144213.2,2022-12,0,0,77
SUP1405,Germany,Camera,28105,Plastic,72099.9,2.75,3rdParty,High,76209.3,2022-06,0,0,90
SUP1406,Vietnam,Frame,47762,Aluminium,39949.7,1.21,3rdParty,Low,44976.7,2023-06,0,0,72
SUP1407,India,Screen,92555,Silicon,151181.1,1.8,Hybrid,Medium,163092.6,2024-01,0,0,53
SUP1408,Vietnam,Battery,57574,Silicon,71516.0,1.23,Internal,High,62630.1,2024-02,0,1,73
SUP1409,Germany,Screen,41870,Plastic,75140.8,2.29,Internal,High,117725.4,2022-04,0,0,73
SUP1410,Germany,Frame,98889,Aluminium,313553.5,2.65,3rdParty,Medium,289350.7,2022-04,1,0,99
SUP1411,China,Screen,39523,Aluminium,34714.4,0.83,3rdParty,Medium,39489.9,2023-03,1,0,70
SUP1412,China,Screen,27660,Silicon,63635.9,2.45,Hybrid,Medium,81904.6,2022-07,0,0,83
SUP1413,USA,Camera,5150,Plastic,9172.9,1.87,3rdParty,Medium,9450.7,2022-06,0,0,70
SUP1414,China,Chipset,83800,Silicon,245504.0,2.8,3rdParty,High,160086.1,2023-02,0,0,92
SUP1415,China,Chipset,82515,Plastic,162833.9,2.03,Hybrid,Medium,164216.3,2023-04,1,0,69
SUP1416,China,Chipset,97887,Silicon,168905.7,2.24,Internal,Medium,202026.9,2024-01,0,0,69
SUP1417,India,Chipset,97364,Plastic,144085.6,1.41,Hybrid,Medium,80831.2,2022-02,1,0,91
SUP1418,USA,Frame,16123,Aluminium,6338.7,0.54,Hybrid,Low,10248.0,2023-10,0,0,85
SUP1419,Vietnam,Chipset,39885,Aluminium,183207.6,3.06,Internal,High,131995.1,2023-12,0,0,68
SUP1420,India,Screen,9720,Glass,6817.4,1.01,Internal,Medium,10660.0,2023-07,0,0,70
SUP1421,China,Camera,73320,Plastic,51122.8,1.28,3rdParty,High,101305.5,2023-06,0,1,67
SUP1422,India,Screen,17198,Lithium,8976.2,0.78,Hybrid,Medium,9590.0,2023-06,0,0,53
SUP1423,India,Battery,20867,Lithium,19808.2,0.98,Internal,High,18279.6,2022-04,1,0,56
SUP1424,China,Chipset,15953,Silicon,48899.8,2.63,Internal,High,69719.8,2022-09,1,0,88
SUP1425,USA,Screen,53709,Silicon,162779.2,2.72,3rdParty,Low,138224.8,2022-05,0,0,71
SUP1426,USA,Frame,14890,Silicon,14150.6,1.1,Hybrid,Medium,14482.0,2023-08,0,0,59
SUP1427,China,Frame,46772,Glass,34204.0,0.92,Internal,High,25228.1,2023-10,0,0,74
SUP1428,Vietnam,Chipset,91925,Silicon,150667.9,1.58,Internal,Medium,132847.4,2022-02,0,0,75
SUP1429,Germany,Frame,9418,Lithium,19086.8,1.84,Hybrid,High,20418.8,2024-01,0,0,59
SUP1430,China,Battery,4407,Silicon,1693.4,0.51,3rdParty,Medium,1910.4,2022-02,0,0,94
SUP1431,Vietnam,Screen,4880,Lithium,7284.6,1.47,Hybrid,High,5035.5,2023-01,1,0,76
SUP1432,USA,Chipset,57920,Lithium,41619.8,0.62,Internal,High,48365.0,2022-06,0,1,80
SUP1433,USA,Screen,16994,Lithium,29687.2,2.89,Hybrid,Low,64900.0,2023-09,0,0,76
SUP1434,USA,Camera,58241,Plastic,154038.5,3.2,Hybrid,Medium,197426.5,2023-10,0,0,53
SUP1435,Germany,Camera,36187,Glass,16667.7,0.57,Internal,Medium,17048.5,2022-06,1,0,60
SUP1436,USA,Frame,15016,Glass,30541.6,2.12,Hybrid,Medium,38113.9,2023-06,0,0,59
SUP1437,Vietnam,Battery,64745,Plastic,146430.1,1.91,3rdParty,Low,159467.5,2023-03,1,0,59
SUP1438,Vietnam,Screen,72356,Silicon,184719.6,2.49,Hybrid,High,137589.7,2023-04,0,1,80
SUP1439,Vietnam,Frame,17532,Plastic,38843.1,2.51,Hybrid,High,48252.1,2024-01,1,0,56
SUP1440,Vietnam,Frame,30685,Silicon,60927.7,2.78,3rdParty,Medium,56701.1,2023-10,0,0,86
SUP1441,China,Camera,50999,Lithium,31334.3,0.83,Hybrid,High,45668.0,2024-02,0,0,77
SUP1442,India,Camera,73233,Plastic,131721.1,1.56,Internal,High,126618.7,2022-03,0,0,51
SUP1443,USA,Screen,79929,Plastic,60948.1,0.67,Internal,High,60632.2,2022-01,0,1,90
SUP1444,Germany,Frame,71871,Lithium,44350.4,0.64,Hybrid,Medium,38444.9,2023-10,1,0,83
SUP1445,Germany,Battery,25398,Plastic,22929.6,1.43,3rdParty,High,25873.9,2022-02,0,0,72
SUP1446,Germany,Frame,86707,Aluminium,252986.2,3.19,Internal,Medium,281905.4,2023-12,0,0,85
SUP1447,China,Battery,59959,Plastic,124825.1,2.04,Hybrid,Medium,104525.2,2022-05,0,0,85
SUP1448,India,Camera,74169,Plastic,50990.1,0.87,Hybrid,High,53379.5,2023-02,0,0,97
SUP1449,Germany,Battery,22602,Plastic,56340.5,2.56,Hybrid,High,44230.2,2022-05,1,0,78
SUP1450,India,Frame,29036,Aluminium,24533.0,0.8,3rdParty,High,22449.9,2024-01,0,0,74
SUP1451,USA,Camera,81206,Silicon,120801.7,1.4,Hybrid,High,137118.6,2023-02,1,1,91
SUP1452,Vietnam,Screen,80569,Plastic,85865.3,1.31,Internal,High,102670.6,2022-02,1,0,80
SUP1453,Vietnam,Battery,10247,Aluminium,13839.8,1.4,Hybrid,High,13015.2,2022-09,0,1,95
SUP1454,India,Battery,45722,Silicon,187623.3,3.22,Internal,Low,143142.0,2024-02,0,0,92
SUP1455,China,Screen,16332,Glass,73737.0,3.49,Internal,Medium,60024.8,2024-02,1,0,85
SUP1456,USA,Frame,60238,Plastic,87872.0,1.75,3rdParty,High,80577.4,2022-09,0,0,68
SUP1457,Vietnam,Frame,7862,Glass,4684.3,0.53,3rdParty,Medium,4357.7,2023-06,0,0,90
SUP1458,China,Frame,79052,Glass,105737.4,1.31,3rdParty,Medium,93023.3,2022-05,0,0,64
SUP1459,Vietnam,Chipset,77448,Glass,99693.2,1.84,3rdParty,Low,125821.0,2023-01,1,0,50
SUP1460,China,Screen,35160,Plastic,85966.7,1.85,Hybrid,High,49918.4,2024-02,1,0,55
SUP1461,USA,Chipset,59466,Glass,46415.8,0.89,Internal,Medium,50128.9,2022-10,1,0,64
SUP1462,India,Screen,40832,Silicon,128804.6,3.3,Internal,Medium,120397.7,2023-06,1,0,54
SUP1463,Germany,Frame,33888,Lithium,121424.7,2.83,3rdParty,High,138026.0,2022-09,0,0,97
SUP1464,Germany,Chipset,95346,Plastic,85784.1,1.14,Hybrid,Medium,71157.0,2023-05,1,0,51
SUP1465,USA,Frame,41167,Plastic,160553.5,3.44,Internal,High,156093.8,2023-10,0,0,72
SUP1466,Vietnam,Battery,30504,Silicon,77133.9,3.03,3rdParty,Low,115526.5,2022-12,1,0,95
SUP1467,Vietnam,Battery,84028,Glass,68905.3,1.05,Hybrid,Medium,119194.0,2023-02,0,1,80
SUP1468,Germany,Battery,30825,Aluminium,15448.2,0.54,Internal,Medium,18129.0,2022-06,0,0,81
SUP1469,USA,Battery,88362,Aluminium,174078.7,2.11,Internal,High,200513.3,2022-03,0,0,71
SUP1470,Vietnam,Battery,56982,Glass,152156.6,2.37,3rdParty,High,202592.6,2023-01,1,1,95
SUP1471,India,Battery,89534,Plastic,256236.0,2.37,Internal,Medium,191910.6,2023-10,0,0,67
SUP1472,China,Screen,80622,Lithium,152332.7,2.28,Hybrid,Low,198041.5,2023-03,0,0,66
SUP1473,China,Frame,99256,Plastic,222849.7,2.11,Hybrid,Medium,179244.3,2023-06,0,0,88
SUP1474,USA,Battery,75656,Silicon,292985.4,2.68,Internal,High,232136.5,2023-04,0,0,98
SUP1475,Germany,Screen,76791,Lithium,88602.0,1.4,Internal,High,134036.9,2022-06,0,0,51
SUP1476,China,Chipset,5532,Silicon,5387.1,1.21,Internal,Medium,5588.8,2023-03,0,0,56
SUP1477,USA,Frame,85585,Aluminium,164890.8,2.06,Internal,Medium,165626.0,2024-01,0,0,95
SUP1478,USA,Camera,27393,Aluminium,66789.1,2.48,Hybrid,High,66025.0,2023-03,0,0,64
SUP1479,Vietnam,Screen,86610,Plastic,175748.1,1.44,3rdParty,Low,181000.1,2023-11,1,0,77
SUP1480,USA,Frame,94831,Silicon,80375.2,0.85,Internal,Low,76617.7,2022-12,0,0,63
SUP1481,India,Frame,1294,Aluminium,3055.6,2.73,3rdParty,Medium,3683.7,2023-08,0,0,62
SUP1482,Vietnam,Chipset,93103,Aluminium,139188.2,1.11,Internal,High,113955.6,2022-11,0,1,63
SUP1483,Germany,Chipset,30283,Lithium,30335.7,1.09,Internal,Medium,17802.9,2023-02,0,0,95
SUP1484,Germany,Frame,77631,Silicon,71537.0,0.8,3rdParty,High,73256.7,2023-06,0,0,57
SUP1485,USA,Camera,40220,Lithium,63336.0,1.55,3rdParty,Medium,64493.9,2023-03,0,0,56
SUP1486,India,Chipset,61926,Silicon,43503.3,0.86,Hybrid,Medium,61710.3,2024-02,1,0,60
SUP1487,Germany,Camera,3413,Plastic,8916.7,2.13,3rdParty,High,9170.9,2023-01,1,0,93
SUP1488,China,Frame,59703,Glass,24460.8,0.55,Hybrid,Low,47619.8,2023-04,0,1,52
SUP1489,Vietnam,Battery,14777,Glass,58468.4,3.21,Hybrid,Medium,49726.9,2022-09,0,0,59
SUP1490,USA,Chipset,79006,Silicon,217475.5,2.37,Hybrid,High,264752.9,2023-08,0,0,54
SUP1491,China,Battery,25161,Aluminium,25709.8,0.93,Internal,Low,23229.0,2023-06,1,0,95
SUP1492,USA,Frame,60055,Glass,120323.8,2.39,3rdParty,Medium,137187.6,2022-12,1,1,95
SUP1493,India,Camera,11683,Aluminium,39897.6,2.67,3rdParty,Medium,37260.1,2023-07,0,0,96
SUP1494,USA,Battery,1368,Aluminium,2194.8,1.73,3rdParty,High,2525.7,2023-12,0,0,53
SUP1495,Vietnam,Chipset,20276,Lithium,62097.8,2.45,Hybrid,High,81135.8,2022-11,0,0,88
SUP1496,India,Frame,71198,Plastic,137298.0,1.84,Hybrid,High,132149.4,2023-12,1,0,80
SUP1497,Vietnam,Screen,95491,Lithium,158131.9,1.57,3rdParty,Medium,117970.4,2022-09,0,0,63
SUP1498,Germany,Battery,84276,Silicon,251071.7,2.24,Hybrid,Low,221392.7,2022-07,0,0,57
SUP1499,China,Chipset,36418,Aluminium,68098.6,2.58,Hybrid,Low,98425.9,2023-05,0,0,99
SUP1500,India,Battery,82426,Silicon,116988.5,1.4,Hybrid,High,94168.2,2022-10,1,0,88
SUP1501,USA,Screen,91347,Glass,89623.7,0.91,Internal,High,50928.7,2023-06,0,0,75
SUP1502,India,Frame,34161,Aluminium,88417.8,2.05,Hybrid,Low,57990.5,2023-10,0,0,69
SUP1503,Germany,Camera,40601,Plastic,124850.3,3.41,3rdParty,Medium,139584.6,2023-06,1,0,72
SUP1504,China,Camera,60010,Glass,28415.4,0.62,3rdParty,Medium,34490.0,2023-06,1,0,98
SUP1505,India,Screen,74994,Glass,193094.0,2.14,Internal,High,186619.1,2023-10,1,0,52
SUP1506,USA,Camera,73178,Glass,221499.7,3.41,Internal,High,302028.6,2023-01,0,0,50
SUP1507,China,Chipset,28412,Silicon,75190.7,3.17,3rdParty,Medium,84938.6,2022-07,0,0,60
SUP1508,China,Chipset,58378,Lithium,161792.3,2.81,Hybrid,High,175014.3,2023-01,1,0,60
SUP1509,USA,Chipset,27442,Silicon,77148.8,2.88,Internal,Low,99836.9,2022-09,1,1,75
SUP1510,China,Frame,17709,Glass,59914.4,3.16,Internal,Medium,75814.4,2022-07,1,0,50
SUP1511,Germany,Screen,49137,Lithium,124562.5,2.75,Internal,High,76917.7,2023-06,0,0,66
SUP1512,Vietnam,Chipset,24524,Plastic,24712.7,1.22,3rdParty,Medium,20758.6,2023-01,0,0,75
SUP1513,India,Battery,81141,Lithium,195675.7,2.41,Hybrid,Low,177418.8,2022-01,1,1,59
SUP1514,USA,Battery,65800,Silicon,83649.4,1.07,Hybrid,Medium,56550.5,2022-03,0,0,77
SUP1515,India,Camera,66936,Aluminium,74621.9,2.15,3rdParty,High,172322.2,2022-06,1,0,72
SUP1516,Germany,Screen,27872,Silicon,25182.9,0.67,Hybrid,Medium,23062.8,2023-07,0,0,55
SUP1517,Germany,Screen,86184,Lithium,326959.3,3.42,3rdParty,Medium,333328.4,2022-07,0,0,82
SUP1518,Vietnam,Screen,78224,Plastic,58898.3,0.71,3rdParty,Medium,60152.0,2022-03,0,0,60
SUP1519,Vietnam,Chipset,91715,Plastic,81286.6,1.07,Hybrid,Low,99016.0,2023-08,0,0,69
SUP1520,USA,Frame,8833,Plastic,21418.9,2.69,Internal,Low,17316.9,2023-12,0,1,69
SUP1521,USA,Battery,35077,Aluminium,99831.9,2.44,Internal,High,119508.4,2024-02,0,0,50
SUP1522,China,Frame,26762,Glass,46149.6,2.05,Hybrid,High,50342.0,2022-10,0,0,79
SUP1523,USA,Screen,54632,Silicon,154183.8,2.93,Hybrid,High,92675.4,2022-09,0,1,50
SUP1524,China,Chipset,39452,Glass,89831.1,2.48,Internal,High,111304.1,2023-04,0,0,54
SUP1525,China,Frame,1486,Glass,4225.5,2.74,3rdParty,Medium,3772.4,2022-01,1,0,67
SUP1526,Germany,Battery,44209,Lithium,109020.6,2.49,Internal,Medium,97661.1,2022-09,0,1,59
SUP1527,China,Screen,13884,Aluminium,11749.9,0.72,Internal,Medium,7135.7,2023-12,0,0,90
SUP1528,USA,Battery,52259,Silicon,64880.4,1.34,Internal,Medium,80338.1,2022-04,0,1,75
SUP1529,India,Camera,64171,Lithium,123255.8,1.79,Internal,Medium,87929.3,2022-10,0,0,88
SUP1530,Vietnam,Battery,27382,Lithium,38055.9,1.32,3rdParty,Medium,24659.0,2022-01,0,0,64
SUP1531,China,Chipset,11974,Silicon,9694.9,0.79,Hybrid,Medium,10904.3,2022-03,0,0,66
SUP1532,China,Screen,81391,Silicon,169658.2,2.19,Internal,High,182463.0,2023-10,1,0,71
SUP1533,India,Screen,1801,Glass,5050.9,2.81,3rdParty,High,6653.9,2022-10,0,1,57
SUP1534,USA,Camera,90614,Silicon,142128.0,1.47,Hybrid,High,108182.0,2023-08,0,0,99
SUP1535,USA,Screen,88193,Aluminium,118701.9,1.49,Internal,Medium,150828.2,2023-02,1,0,88
SUP1536,China,Frame,44516,Glass,21527.5,0.56,Hybrid,High,30176.1,2023-10,1,0,91
SUP1537,China,Chipset,84990,Silicon,104378.4,1.44,Internal,Medium,108227.3,2023-01,1,0,83
SUP1538,Germany,Battery,53335,Plastic,64614.6,1.04,3rdParty,Low,66807.1,2022-11,1,0,66
SUP1539,Germany,Screen,49380,Aluminium,141572.0,3.2,3rdParty,Medium,164526.1,2024-02,0,0,67
SUP1540,China,Camera,74746,Lithium,214296.3,2.39,3rdParty,Low,141054.0,2023-09,0,0,69
SUP1541,Germany,Camera,94293,Glass,252117.3,2.77,3rdParty,Medium,335396.2,2022-12,1,0,69
SUP1542,India,Chipset,89714,Silicon,166387.6,2.47,3rdParty,High,214987.7,2024-02,0,1,62
SUP1543,Vietnam,Screen,34012,Plastic,80676.4,1.99,Internal,Medium,62322.8,2023-04,0,0,66
SUP1544,Vietnam,Frame,37142,Plastic,49631.4,1.23,Internal,Medium,39229.3,2022-11,0,0,79
SUP1545,Germany,Chipset,88566,Plastic,175839.1,1.39,Hybrid,High,110096.1,2022-10,0,0,93
SUP1546,Germany,Camera,65222,Aluminium,92581.3,1.56,Internal,Low,143829.0,2022-02,0,1,74
SUP1547,Vietnam,Chipset,78116,Aluminium,121880.6,1.22,Hybrid,Medium,112464.3,2022-07,0,0,76
SUP1548,Germany,Battery,87148,Glass,94886.6,1.55,3rdParty,High,124216.0,2024-02,0,0,70
SUP1549,China,Camera,63363,Glass,96264.1,1.57,Internal,Medium,121388.0,2023-07,1,0,94
SUP1550,Germany,Chipset,35413,Lithium,52596.1,1.65,Internal,Medium,68903.6,2022-11,1,0,93
SUP1551,Vietnam,Chipset,25843,Silicon,31044.8,1.68,3rdParty,High,39304.6,2022-03,1,0,50
SUP1552,China,Battery,76591,Silicon,177312.2,2.08,Internal,Medium,125628.7,2023-02,1,1,65
SUP1553,USA,Chipset,54517,Silicon,45281.0,0.89,3rdParty,High,49292.1,2022-10,0,0,77
SUP1554,India,Camera,23620,Aluminium,15608.0,0.67,Internal,Medium,13740.3,2023-07,0,0,71
SUP1555,USA,Battery,95792,Lithium,205652.5,2.77,3rdParty,Medium,222506.8,2023-06,0,0,55
SUP1556,India,Camera,18357,Lithium,51456.6,3.49,3rdParty,Low,85592.7,2022-07,1,0,52
SUP1557,USA,Frame,23228,Lithium,54436.1,2.86,Hybrid,Medium,49512.7,2023-11,1,0,93
SUP1558,Germany,Screen,23745,Aluminium,12566.8,0.71,3rdParty,Medium,15020.9,2022-07,1,0,92
SUP1559,China,Camera,35568,Aluminium,28306.8,0.88,Internal,Medium,37351.7,2023-12,1,0,70
SUP1560,China,Chipset,88122,Aluminium,106506.3,1.22,3rdParty,Medium,122666.3,2023-08,0,0,87
SUP1561,USA,Screen,34371,Silicon,110068.5,2.6,Hybrid,Medium,114931.5,2024-02,0,0,61
SUP1562,Germany,Frame,1148,Glass,2219.2,1.57,Internal,Medium,1139.2,2022-04,0,1,96
SUP1563,USA,Battery,20544,Aluminium,26205.6,1.26,Hybrid,Low,27136.1,2022-04,0,0,57
SUP1564,USA,Frame,62358,Plastic,138598.2,3.12,3rdParty,Low,252319.8,2022-02,0,0,89
SUP1565,China,Chipset,54450,Silicon,130218.7,2.64,3rdParty,High,117882.9,2022-09,0,0,67
SUP1566,Germany,Battery,47940,Lithium,70826.8,1.35,3rdParty,Medium,68325.1,2023-03,1,0,97
SUP1567,India,Screen,29439,Glass,80392.2,2.98,Hybrid,High,69688.2,2023-12,0,0,92
SUP1568,USA,Frame,63537,Glass,165199.5,2.16,3rdParty,Medium,111144.5,2023-10,1,0,96
SUP1569,Germany,Screen,72667,Plastic,101209.0,1.46,Hybrid,High,106334.8,2022-10,1,0,62
SUP1570,China,Battery,33544,Aluminium,19480.4,0.66,Internal,Low,22981.6,2023-05,1,0,54
SUP1571,China,Battery,61184,Aluminium,33751.8,0.98,3rdParty,Low,49029.9,2023-05,0,0,66
SUP1572,China,Chipset,88483,Lithium,140775.2,1.27,3rdParty,Medium,86269.3,2023-04,0,0,73
SUP1573,Vietnam,Screen,75816,Aluminium,69831.7,1.24,Internal,High,142772.9,2023-07,0,0,80
SUP1574,Germany,Chipset,24341,Aluminium,29560.2,1.07,Hybrid,High,23905.5,2022-09,0,0,97
SUP1575,Germany,Frame,27148,Aluminium,12321.8,0.54,Internal,Low,10655.3,2023-10,1,0,77
SUP1576,China,Chipset,98123,Glass,217843.9,3.05,Internal,High,354825.8,2022-02,0,0,91
SUP1577,Vietnam,Battery,16831,Glass,29368.0,1.59,Hybrid,Medium,20308.5,2022-08,1,0,51
SUP1578,USA,Screen,41138,Aluminium,129126.0,3.18,3rdParty,Medium,120043.1,2023-02,0,0,68
SUP1579,China,Frame,41409,Glass,54320.1,1.25,Hybrid,Medium,48418.3,2022-05,0,0,52
SUP1580,USA,Battery,42616,Plastic,52539.5,1.8,Hybrid,Medium,95677.9,2023-05,0,0,89
SUP1581,Vietnam,Chipset,15260,Lithium,22799.6,1.91,Hybrid,High,24508.0,2022-10,0,0,84
SUP1582,Vietnam,Screen,62918,Glass,36446.2,0.57,Internal,Low,30001.2,2024-02,0,0,76
SUP1583,China,Frame,91964,Aluminium,92974.7,1.27,Internal,Low,112776.8,2024-02,0,0,90
SUP1584,Vietnam,Chipset,53672,Lithium,46610.9,1.18,3rdParty,Low,71332.5,2022-01,0,0,87
SUP1585,China,Battery,12036,Silicon,7332.7,0.62,3rdParty,Medium,8883.8,2023-08,0,0,80
SUP1586,Vietnam,Frame,4770,Plastic,3120.5,0.66,3rdParty,Medium,2436.7,2022-05,1,1,56
SUP1587,Vietnam,Camera,7806,Lithium,24504.5,3.08,Hybrid,Medium,28596.6,2022-02,1,0,87
SUP1588,USA,Screen,12136,Lithium,17844.1,1.26,Internal,High,13797.9,2024-02,0,0,91
SUP1589,India,Battery,82641,Aluminium,52644.0,0.67,Hybrid,Low,27849.9,2023-06,0,0,82
SUP1590,USA,Battery,47732,Plastic,46948.1,1.28,Hybrid,High,67127.2,2022-08,0,0,74
SUP1591,China,Screen,19157,Lithium,64275.4,3.47,3rdParty,Medium,83676.9,2023-11,1,0,85
SUP1592,China,Camera,60884,Aluminium,97836.3,1.07,Hybrid,Medium,96655.7,2022-07,1,0,61
SUP1593,Germany,Battery,36157,Plastic,51539.9,1.6,3rdParty,High,64200.3,2022-04,0,0,65
SUP1594,Germany,Chipset,83016,Glass,177096.5,1.68,Hybrid,Medium,220435.7,2022-12,0,0,65
SUP1595,USA,Battery,16185,Aluminium,45034.1,3.47,Internal,Medium,58461.1,2023-03,0,0,65
SUP1596,China,Frame,69020,Aluminium,195716.9,3.02,Internal,Low,178081.0,2024-01,0,0,61
SUP1597,China,Frame,43722,Aluminium,101227.3,2.04,Internal,Medium,96024.9,2022-07,0,0,83
SUP1598,Germany,Camera,92110,Plastic,159946.1,2.37,Internal,Medium,118076.9,2023-05,0,0,58
SUP1599,India,Screen,59847,Plastic,60493.7,0.94,Internal,Medium,62671.3,2022-09,0,0,73
SUP1600,Vietnam,Camera,98360,Aluminium,281776.6,2.51,Hybrid,Low,208433.5,2022-11,1,0,59
SUP1601,China,Camera,69684,Aluminium,48781.6,0.66,Hybrid,Medium,55419.9,2022-03,0,0,60
SUP1602,Germany,Battery,51624,Silicon,38779.2,0.72,Internal,Medium,40657.9,2023-01,0,0,69
SUP1603,Vietnam,Battery,42476,Silicon,32858.4,0.6,Hybrid,High,28744.4,2023-03,0,0,80
SUP1604,China,Camera,96949,Lithium,123904.0,1.34,3rdParty,Medium,132540.7,2023-01,0,0,50
SUP1605,Vietnam,Screen,48655,Glass,141493.1,2.62,3rdParty,High,113315.1,2022-08,0,0,80
SUP1606,Vietnam,Camera,14882,Glass,33720.2,2.5,Hybrid,Medium,41738.2,2022-09,0,0,51
SUP1607,USA,Battery,99723,Aluminium,239294.0,1.84,3rdParty,High,197656.2,2023-06,1,0,64
SUP1608,Vietnam,Frame,17571,Silicon,41918.6,2.48,Hybrid,Medium,31153.2,2023-10,1,0,97
SUP1609,Vietnam,Screen,39562,Plastic,58863.6,1.52,Internal,Low,58868.1,2022-06,0,1,96
SUP1610,Germany,Camera,32996,Silicon,65423.8,2.24,Internal,High,86827.6,2022-06,1,0,72
SUP1611,China,Camera,94608,Plastic,138651.1,1.45,Hybrid,High,136276.0,2024-01,0,0,67
SUP1612,China,Battery,95238,Silicon,292557.8,2.26,3rdParty,Medium,256919.4,2022-07,1,0,84
SUP1613,India,Frame,68850,Silicon,90928.0,1.81,3rdParty,Low,77627.0,2023-10,1,0,50
SUP1614,Germany,Camera,77095,Aluminium,116626.4,1.91,Hybrid,Low,109827.9,2023-07,1,0,94
SUP1615,India,Battery,32017,Aluminium,41900.9,1.25,Internal,Medium,52071.4,2023-04,0,0,92
SUP1616,Germany,Screen,46647,Plastic,24307.7,0.53,Hybrid,Medium,15748.4,2022-11,1,0,66
SUP1617,USA,Camera,19799,Lithium,15909.5,1.17,3rdParty,Medium,12777.7,2023-05,0,0,62
SUP1618,Germany,Frame,90233,Silicon,126015.4,1.7,3rdParty,Medium,145426.5,2022-07,1,0,64
SUP1619,Vietnam,Chipset,16522,Plastic,30514.9,1.47,Hybrid,High,31820.3,2023-07,0,0,72
SUP1620,India,Frame,36877,Glass,69878.9,2.11,Hybrid,High,113645.9,2023-08,0,0,52
SUP1621,China,Screen,18140,Aluminium,10924.1,0.78,Hybrid,High,15617.7,2023-11,0,0,55
SUP1622,USA,Battery,5008,Aluminium,4935.5,0.94,3rdParty,Medium,4965.2,2022-02,1,1,92
SUP1623,USA,Chipset,96964,Lithium,392032.5,3.45,Internal,Low,368497.5,2023-07,0,0,92
SUP1624,Vietnam,Battery,19296,Aluminium,67287.3,2.77,Hybrid,Medium,51430.2,2023-08,0,0,78
SUP1625,Germany,Camera,63901,Silicon,59223.1,0.91,Hybrid,Medium,57373.9,2022-09,1,0,53
SUP1626,China,Screen,81083,Aluminium,211055.9,2.66,Internal,High,207489.6,2022-02,1,0,62
SUP1627,India,Frame,6355,Plastic,22735.5,2.91,3rdParty,Medium,16108.8,2022-03,0,0,90
SUP1628,India,Frame,66453,Plastic,154175.7,2.98,3rdParty,Medium,179192.4,2024-01,0,0,95
SUP1629,Germany,Screen,40767,Plastic,94330.0,2.1,3rdParty,High,82829.2,2023-03,0,0,86
SUP1630,Germany,Battery,80303,Lithium,71014.3,0.92,Internal,Medium,73279.9,2023-07,0,0,74
SUP1631,India,Chipset,34971,Lithium,117803.3,3.35,Internal,Low,109948.8,2023-08,0,0,83
SUP1632,China,Screen,92713,Silicon,106681.5,1.49,3rdParty,Medium,151347.3,2023-11,0,0,99
SUP1633,India,Battery,29451,Glass,152179.3,3.35,3rdParty,High,83672.3,2023-12,1,0,50
SUP1634,India,Frame,14273,Plastic,41016.2,2.79,3rdParty,Medium,30588.2,2023-02,0,0,91
SUP1635,China,Chipset,29690,Plastic,69564.8,2.69,Internal,Medium,69199.7,2023-11,0,0,90
SUP1636,India,Battery,23462,Silicon,43039.6,1.29,3rdParty,High,30204.9,2022-04,0,0,76
SUP1637,USA,Screen,29393,Silicon,96959.2,2.43,3rdParty,High,87785.3,2023-12,1,0,99
SUP1638,Vietnam,Chipset,99938,Glass,116964.1,1.04,Internal,Medium,121301.7,2024-01,0,0,96
SUP1639,Germany,Frame,11588,Glass,21675.9,2.36,Hybrid,High,29008.3,2024-01,0,0,92
SUP1640,Vietnam,Battery,47766,Aluminium,18768.3,0.51,Internal,Low,22783.4,2024-02,0,0,55
SUP1641,China,Screen,74508,Plastic,66275.8,1.12,Internal,High,68426.8,2023-12,0,0,84
SUP1642,China,Screen,84108,Silicon,170650.9,1.72,Hybrid,High,138186.5,2023-08,1,1,78
SUP1643,India,Chipset,25976,Lithium,23761.7,0.82,Internal,High,23450.6,2022-07,0,0,75
SUP1644,Germany,Battery,67793,Glass,87782.3,0.88,Internal,Medium,60940.9,2023-09,1,0,53
SUP1645,USA,Frame,25561,Plastic,51650.3,2.48,Hybrid,Medium,73021.7,2022-05,0,0,84
SUP1646,India,Chipset,90595,Plastic,84882.4,1.11,Hybrid,Medium,96506.3,2023-04,0,0,59
SUP1647,India,Chipset,61719,Aluminium,120680.2,2.59,Hybrid,High,127906.0,2022-09,0,0,80
SUP1648,China,Battery,13012,Aluminium,16003.7,1.04,Internal,High,13660.0,2023-01,1,0,69
SUP1649,USA,Chipset,25151,Silicon,55952.6,2.06,Internal,Medium,56926.2,2022-02,0,0,91
SUP1650,China,Camera,71603,Aluminium,63229.6,1.1,3rdParty,Low,78877.8,2024-02,0,0,72
SUP1651,Germany,Battery,38338,Plastic,71969.6,3.07,3rdParty,Medium,85960.4,2022-09,0,0,68
SUP1652,Vietnam,Chipset,15179,Silicon,47875.7,2.91,Hybrid,Medium,57458.2,2023-09,1,0,93
SUP1653,Vietnam,Frame,19895,Plastic,74593.2,3.4,Hybrid,High,75211.0,2023-09,1,0,58
SUP1654,USA,Battery,77555,Glass,98532.6,1.35,Internal,Medium,105204.3,2023-04,0,0,83
SUP1655,India,Battery,38211,Aluminium,60098.8,2.36,Hybrid,Medium,65001.7,2023-06,0,0,76
SUP1656,Germany,Frame,19961,Silicon,23392.2,1.01,Internal,Medium,21738.0,2023-07,1,0,73
SUP1657,Germany,Frame,9562,Aluminium,3944.8,0.69,Internal,Low,6589.5,2022-05,0,1,94
SUP1658,Vietnam,Screen,56309,Silicon,49896.8,1.13,Hybrid,Medium,52039.4,2024-02,0,0,92
SUP1659,China,Frame,37575,Silicon,79945.8,1.92,3rdParty,High,75307.6,2022-04,0,0,62
SUP1660,China,Camera,70374,Glass,33189.4,0.64,Hybrid,Medium,33255.7,2023-03,0,0,94
SUP1661,China,Chipset,79616,Plastic,87478.7,1.04,3rdParty,High,108969.6,2023-06,0,0,62
SUP1662,China,Battery,41761,Glass,118676.1,3.03,3rdParty,Low,164245.4,2023-09,0,0,76
SUP1663,Germany,Battery,67577,Lithium,49972.1,0.66,3rdParty,High,52714.5,2022-01,1,0,78
SUP1664,Vietnam,Camera,82943,Lithium,220330.4,2.66,Internal,High,147134.5,2022-08,1,1,50
SUP1665,India,Screen,7487,Silicon,9162.5,0.92,3rdParty,Medium,8416.7,2022-06,0,0,71
SUP1666,Vietnam,Battery,42300,Glass,133784.1,2.46,Internal,Medium,88574.7,2022-03,0,0,61
SUP1667,Vietnam,Camera,63085,Plastic,118334.4,1.96,Internal,Medium,156426.9,2022-08,1,0,84
SUP1668,China,Frame,9484,Aluminium,7516.2,0.96,3rdParty,Low,10384.6,2022-11,0,0,65
SUP1669,India,Chipset,39108,Lithium,137986.0,3.41,Internal,Medium,150925.4,2023-02,1,0,91
SUP1670,India,Frame,14782,Silicon,38066.8,2.49,Hybrid,Medium,46481.3,2022-10,0,0,90
SUP1671,India,Battery,35293,Lithium,35876.9,1.1,Internal,High,31468.5,2024-02,0,0,85
SUP1672,China,Battery,76838,Plastic,264763.6,2.79,Hybrid,High,301032.3,2022-11,0,0,50
SUP1673,Germany,Screen,82588,Plastic,243157.4,3.08,3rdParty,Medium,190090.7,2022-09,0,0,90
SUP1674,Vietnam,Camera,51945,Plastic,169387.5,3.21,3rdParty,High,173181.0,2022-01,1,0,52
SUP1675,Germany,Screen,69147,Lithium,204646.3,2.31,Hybrid,Medium,169957.8,2023-10,0,0,82
SUP1676,Vietnam,Frame,77394,Glass,285187.0,3.34,Internal,Medium,211177.5,2022-09,0,0,86
SUP1677,China,Chipset,95859,Silicon,69771.7,1.09,3rdParty,High,80626.2,2024-01,0,0,75
SUP1678,USA,Camera,34826,Glass,55642.9,1.74,3rdParty,High,84719.6,2023-11,0,0,77
SUP1679,USA,Screen,83094,Lithium,292060.0,2.14,Internal,Medium,210090.7,2022-05,1,1,92
SUP1680,Germany,Battery,34717,Plastic,71063.5,2.26,3rdParty,Medium,64518.0,2022-12,0,0,71
SUP1681,China,Screen,45610,Lithium,115978.1,3.24,Internal,Low,74341.4,2022-06,0,0,86
SUP1682,Vietnam,Frame,91815,Glass,260989.7,2.67,3rdParty,Low,192005.1,2022-07,0,0,86
SUP1683,China,Chipset,79672,Silicon,250243.9,2.6,Hybrid,Medium,248706.0,2023-08,0,0,60
SUP1684,Vietnam,Frame,70831,Plastic,60413.3,1.26,Internal,High,68969.9,2023-01,0,0,72
SUP1685,USA,Camera,26714,Lithium,44589.9,2.01,3rdParty,Medium,59756.3,2023-10,1,0,74
SUP1686,Vietnam,Chipset,14470,Aluminium,17187.1,1.25,Hybrid,High,19807.9,2023-10,0,0,55
SUP1687,Vietnam,Screen,43244,Aluminium,52600.2,1.34,3rdParty,Low,72617.6,2024-02,0,0,96
SUP1688,Vietnam,Screen,86982,Silicon,73955.4,0.84,3rdParty,Medium,109849.0,2023-06,0,0,68
SUP1689,India,Chipset,50713,Lithium,86358.7,1.74,Hybrid,Low,84023.8,2023-02,0,0,69
SUP1690,Vietnam,Chipset,78830,Glass,92901.4,1.21,Internal,Medium,77516.0,2023-12,0,0,61
SUP1691,Germany,Screen,98662,Silicon,77826.8,0.63,3rdParty,Medium,56669.3,2022-09,0,1,79
SUP1692,Vietnam,Battery,2919,Lithium,8682.8,2.7,Internal,Medium,7105.5,2023-01,0,0,93
SUP1693,Vietnam,Frame,74150,Lithium,45573.0,0.81,3rdParty,Low,56320.0,2023-10,1,0,70
SUP1694,Germany,Chipset,10596,Silicon,14360.0,1.55,Internal,Low,11963.5,2024-01,0,0,65
SUP1695,India,Screen,42335,Lithium,58435.2,1.79,3rdParty,Low,65980.1,2023-12,0,0,58
SUP1696,China,Battery,88638,Silicon,305173.6,3.33,Hybrid,Medium,361009.6,2023-02,0,0,90
SUP1697,USA,Screen,92393,Plastic,53681.1,0.56,Internal,Low,58335.4,2023-05,1,0,74
SUP1698,Germany,Camera,35840,Aluminium,50305.9,0.97,Hybrid,High,39949.8,2022-06,0,0,89
SUP1699,Vietnam,Battery,65033,Lithium,144995.2,1.89,3rdParty,Low,118373.0,2023-01,1,0,80
SUP1700,Vietnam,Chipset,14280,Silicon,17219.3,1.01,3rdParty,Low,11077.0,2023-03,0,0,74
SUP1701,China,Camera,68696,Silicon,141220.4,2.09,Hybrid,High,109809.7,2023-03,0,0,69
SUP1702,China,Battery,46667,Lithium,126058.2,2.66,3rdParty,Medium,122779.6,2022-12,0,0,93
SUP1703,USA,Camera,76024,Glass,98155.9,1.26,Hybrid,Medium,83920.4,2022-12,1,0,89
SUP1704,Vietnam,Chipset,96711,Silicon,54328.3,0.62,Internal,Medium,67426.5,2022-09,0,0,87
SUP1705,China,Battery,94778,Aluminium,349804.8,3.24,3rdParty,Low,326898.7,2023-02,0,0,68
SUP1706,Germany,Chipset,30782,Lithium,35132.5,1.42,Hybrid,High,26827.8,2022-07,0,0,68
SUP1707,China,Camera,72187,Plastic,170550.4,2.66,3rdParty,Medium,221977.7,2023-10,0,0,58
SUP1708,Germany,Screen,31164,Lithium,119952.4,3.36,3rdParty,Low,105357.2,2023-03,1,1,87
SUP1709,Germany,Camera,65471,Lithium,189812.8,2.71,3rdParty,Medium,163426.0,2023-03,0,1,66
SUP1710,Germany,Camera,73356,Glass,152012.6,2.05,Hybrid,Low,194398.2,2023-01,0,0,99
SUP1711,Germany,Battery,65814,Plastic,219765.7,2.7,Hybrid,Medium,204474.8,2023-06,0,0,89
SUP1712,Vietnam,Battery,39515,Lithium,154921.8,3.23,Hybrid,Medium,132057.6,2022-10,0,0,73
SUP1713,China,Camera,53800,Silicon,139783.6,1.98,Hybrid,High,97493.5,2023-04,0,0,93
SUP1714,Germany,Frame,88687,Lithium,68150.2,1.25,Hybrid,Medium,101909.4,2023-11,1,0,54
SUP1715,India,Chipset,89713,Lithium,165748.8,2.16,Internal,Medium,252057.2,2022-08,0,0,54
SUP1716,USA,Screen,50684,Glass,82833.4,1.76,3rdParty,Medium,90405.9,2022-10,1,0,93
SUP1717,Germany,Camera,54806,Silicon,88112.9,1.45,3rdParty,Medium,57821.6,2023-07,0,0,84
SUP1718,Vietnam,Screen,25016,Glass,19675.7,1.02,3rdParty,High,26319.8,2022-05,0,0,64
SUP1719,Germany,Camera,13207,Glass,19423.7,1.79,Internal,Medium,21583.9,2022-09,1,0,54
SUP1720,China,Camera,79592,Aluminium,236411.4,3.0,3rdParty,High,295007.4,2022-12,0,0,95
SUP1721,China,Screen,52550,Lithium,150992.5,2.3,Internal,High,134522.9,2022-03,0,0,61
SUP1722,Vietnam,Screen,24016,Aluminium,15872.6,0.69,Hybrid,High,17422.6,2023-10,0,0,84
SUP1723,India,Battery,11956,Lithium,29846.3,3.2,3rdParty,Medium,34914.2,2022-09,0,0,69
SUP1724,India,Frame,88977,Glass,85282.4,0.96,3rdParty,Medium,69298.1,2022-03,0,0,95
SUP1725,USA,Chipset,38997,Silicon,37681.0,1.1,Hybrid,High,38077.4,2023-03,1,0,87
SUP1726,Germany,Frame,74432,Lithium,167666.4,1.86,Hybrid,High,203980.5,2022-05,1,0,99
SUP1727,USA,Camera,71022,Silicon,219567.9,2.93,Internal,High,223674.4,2022-06,1,0,86
SUP1728,China,Screen,52432,Lithium,159970.2,2.43,Internal,Medium,147543.8,2023-06,0,0,54
SUP1729,Vietnam,Frame,34071,Lithium,28527.7,0.8,Hybrid,Medium,18715.3,2023-12,1,0,75
SUP1730,USA,Chipset,98557,Aluminium,123120.9,1.69,3rdParty,Medium,166316.3,2023-09,0,0,57
SUP1731,Germany,Camera,75266,Lithium,104037.6,1.13,3rdParty,Medium,117878.7,2023-10,1,0,56
SUP1732,USA,Battery,37394,Glass,79804.4,2.65,3rdParty,Medium,89958.9,2022-11,0,0,74
SUP1733,China,Frame,38081,Glass,83782.5,2.31,3rdParty,Low,102045.8,2023-04,0,0,50
SUP1734,USA,Chipset,43548,Plastic,81718.4,2.04,Hybrid,Low,65463.8,2022-06,1,0,68
SUP1735,USA,Screen,36725,Silicon,135312.1,2.87,3rdParty,High,120839.7,2023-01,1,0,61
SUP1736,Germany,Frame,68546,Plastic,44443.5,0.67,Internal,Medium,45064.2,2022-07,0,0,80
SUP1737,China,Frame,40159,Aluminium,95858.6,2.79,Hybrid,High,116938.7,2022-10,0,0,66
SUP1738,USA,Battery,36285,Aluminium,60173.4,2.1,Internal,High,83558.7,2022-07,0,0,52
SUP1739,USA,Camera,32876,Plastic,72834.9,2.25,Internal,Low,65468.6,2023-09,1,0,83
SUP1740,Vietnam,Screen,46499,Glass,91335.7,2.6,3rdParty,High,131279.1,2023-04,0,0,63
SUP1741,India,Camera,62742,Lithium,165621.4,3.41,Internal,Medium,239494.1,2022-08,0,0,59
SUP1742,China,Camera,38594,Aluminium,124962.4,3.47,3rdParty,Low,82622.5,2022-09,1,0,54
SUP1743,Vietnam,Camera,18942,Silicon,37995.5,2.57,3rdParty,Medium,41649.9,2022-05,1,1,58
SUP1744,USA,Camera,71009,Glass,116791.9,1.37,Internal,High,114712.5,2023-08,0,0,69
SUP1745,Vietnam,Camera,48109,Lithium,118855.9,2.44,3rdParty,High,45268.4,2023-10,0,0,67
SUP1746,India,Battery,35980,Plastic,21252.9,0.62,Internal,High,24632.4,2022-10,0,0,91
SUP1747,Vietnam,Chipset,22038,Glass,25729.4,1.35,3rdParty,Low,15873.4,2024-01,1,1,94
SUP1748,Vietnam,Frame,74802,Aluminium,167485.4,1.82,Hybrid,High,156002.2,2022-07,0,0,67
SUP1749,India,Camera,45406,Plastic,100197.4,1.91,Internal,Medium,104726.5,2023-08,0,0,70
SUP1750,USA,Chipset,27119,Aluminium,59077.3,2.57,3rdParty,Low,66369.5,2022-01,1,0,60
SUP1751,USA,Battery,17350,Lithium,28635.2,1.64,Internal,High,19609.9,2022-03,0,0,55
SUP1752,Germany,Battery,50322,Silicon,43994.5,0.96,Internal,Medium,17934.8,2022-08,0,0,87
SUP1753,Vietnam,Screen,56956,Plastic,72177.0,1.23,Hybrid,Medium,74259.9,2023-10,0,0,54
SUP1754,USA,Chipset,41498,Lithium,58644.3,1.12,Hybrid,Low,54370.2,2022-02,1,0,87
SUP1755,USA,Battery,71423,Lithium,124316.1,1.83,Internal,Medium,110367.5,2022-03,1,0,66
SUP1756,Germany,Chipset,13460,Glass,41805.1,3.03,Internal,Low,34482.1,2023-01,0,0,84
SUP1757,China,Screen,89747,Plastic,241743.3,2.52,Hybrid,Medium,306540.5,2022-05,0,0,95
SUP1758,USA,Camera,25855,Plastic,42972.9,1.62,Hybrid,High,49479.6,2023-10,0,0,93
SUP1759,Germany,Battery,33210,Glass,76987.4,2.05,3rdParty,Medium,84023.9,2023-12,0,0,76
SUP1760,India,Screen,47870,Silicon,27389.9,0.57,3rdParty,Medium,18677.7,2023-03,0,0,98
SUP1761,Germany,Frame,51572,Plastic,177663.5,2.8,Hybrid,Medium,170273.3,2022-08,0,0,60
SUP1762,Germany,Camera,8253,Lithium,11452.3,1.85,3rdParty,Medium,17510.2,2024-02,0,0,70
SUP1763,Germany,Chipset,15662,Lithium,34222.6,2.39,3rdParty,Medium,38605.7,2022-05,0,0,73
SUP1764,China,Screen,34541,Lithium,64172.4,1.87,Hybrid,Medium,81572.6,2023-11,0,0,52
SUP1765,India,Chipset,88211,Aluminium,204590.5,3.0,3rdParty,Medium,318047.0,2023-01,1,0,99
SUP1766,India,Screen,22730,Plastic,51432.2,2.81,Internal,High,63170.6,2022-09,1,1,51
SUP1767,Germany,Frame,4591,Silicon,14901.8,3.46,Hybrid,High,11949.8,2023-09,0,0,80
SUP1768,USA,Chipset,2780,Lithium,4313.2,2.35,3rdParty,Medium,6117.4,2022-04,0,0,50
SUP1769,China,Battery,73328,Lithium,214956.2,2.05,Internal,Low,168715.0,2022-05,0,1,63
SUP1770,China,Chipset,33963,Aluminium,126424.3,2.87,3rdParty,High,105045.5,2022-10,1,0,74
SUP1771,Germany,Screen,35019,Silicon,84064.4,2.75,Hybrid,Low,111422.0,2023-07,0,0,65
SUP1772,China,Screen,55327,Lithium,51166.4,0.99,3rdParty,Medium,63330.5,2022-10,1,0,50
SUP1773,Vietnam,Battery,52048,Glass,35032.7,0.52,3rdParty,Low,28984.3,2022-06,1,0,94
SUP1774,Vietnam,Camera,35296,Aluminium,100008.1,2.18,Internal,High,79883.4,2024-02,0,0,81
SUP1775,USA,Chipset,6580,Aluminium,12745.3,1.76,3rdParty,Medium,13476.3,2022-02,0,1,97
SUP1776,Germany,Camera,73153,Lithium,67629.8,1.04,Internal,Medium,73215.7,2022-09,0,1,85
SUP1777,China,Frame,19676,Plastic,80066.1,3.25,3rdParty,Medium,64146.0,2023-08,0,0,65
SUP1778,Germany,Battery,96201,Lithium,101658.0,1.14,Internal,Medium,123324.2,2024-02,0,0,83
SUP1779,China,Battery,25111,Lithium,69271.1,2.97,Hybrid,Low,67047.6,2023-11,0,0,94
SUP1780,Vietnam,Battery,17267,Silicon,10980.6,0.74,3rdParty,Medium,18949.0,2023-03,0,0,69
SUP1781,Germany,Screen,93604,Silicon,259360.6,2.88,3rdParty,Medium,259490.0,2023-09,1,0,95
SUP1782,Vietnam,Screen,35890,Plastic,103025.5,3.43,Hybrid,Medium,134325.6,2023-07,0,0,77
SUP1783,China,Frame,19095,Glass,27040.4,1.47,3rdParty,Low,35284.9,2023-03,1,0,66
SUP1784,China,Screen,44832,Silicon,70233.5,1.25,Hybrid,Medium,67365.0,2023-04,1,0,66
SUP1785,Germany,Screen,22770,Glass,27560.6,1.75,3rdParty,High,52349.0,2024-02,1,1,57
SUP1786,USA,Frame,77286,Aluminium,94458.5,1.34,Hybrid,Low,90276.8,2023-01,1,1,68
SUP1787,Germany,Camera,56904,Lithium,96731.0,2.19,3rdParty,Medium,92345.7,2022-11,0,0,84
SUP1788,India,Frame,36843,Aluminium,116187.1,2.93,3rdParty,Medium,134029.5,2023-04,1,1,54
SUP1789,China,Screen,21662,Silicon,35463.6,2.33,3rdParty,Low,51686.5,2023-08,0,1,68
SUP1790,Vietnam,Camera,16225,Lithium,46143.0,3.45,Internal,Low,44361.4,2023-04,0,0,64
SUP1791,China,Screen,64763,Glass,42094.6,0.82,Internal,Low,63917.1,2023-08,0,0,66
SUP1792,China,Battery,56779,Aluminium,159118.8,2.1,3rdParty,Medium,84821.9,2023-11,0,0,82
SUP1793,China,Camera,53882,Glass,137586.1,2.38,3rdParty,Low,93715.7,2023-09,1,0,82
SUP1794,Germany,Camera,61797,Plastic,248434.1,3.04,Internal,High,187716.1,2023-08,0,0,56
SUP1795,USA,Camera,16797,Silicon,41303.6,1.69,3rdParty,Medium,38614.7,2024-01,1,0,88
SUP1796,Vietnam,Chipset,11967,Lithium,17252.4,1.75,Hybrid,Medium,27639.9,2023-12,0,0,50
SUP1797,USA,Battery,57063,Glass,45292.6,1.18,Hybrid,High,61610.9,2023-06,0,0,87
SUP1798,USA,Frame,11223,Plastic,17176.2,1.66,Hybrid,Medium,26523.4,2023-01,0,0,85
SUP1799,USA,Chipset,12055,Silicon,45250.5,3.29,Hybrid,High,45838.0,2023-06,0,0,91
SUP1800,Vietnam,Chipset,57488,Glass,173543.8,2.43,Hybrid,High,169983.0,2022-02,1,1,78
SUP1801,Vietnam,Camera,92987,Aluminium,206424.3,2.62,Internal,Low,195875.2,2023-01,1,0,51
SUP1802,China,Battery,10466,Plastic,8466.7,1.08,Hybrid,Medium,13374.7,2023-01,0,0,50
SUP1803,China,Frame,75155,Plastic,57730.3,1.14,3rdParty,Medium,77810.3,2022-09,0,0,62
SUP1804,China,Screen,96729,Silicon,111759.9,1.26,Hybrid,High,121628.2,2023-05,0,0,82
SUP1805,Vietnam,Battery,48458,Lithium,88608.1,1.91,3rdParty,Low,96640.5,2022-10,1,0,90
SUP1806,Germany,Chipset,52993,Glass,139074.9,2.37,Hybrid,Medium,73724.4,2024-02,1,0,74
SUP1807,Vietnam,Chipset,59013,Glass,127809.1,2.47,3rdParty,Medium,148335.0,2022-03,1,0,77
SUP1808,Germany,Frame,18693,Plastic,26013.7,1.28,3rdParty,Medium,26446.4,2023-06,0,1,98
SUP1809,Vietnam,Frame,57087,Plastic,145378.3,2.16,3rdParty,Low,112750.3,2023-05,1,1,75
SUP1810,USA,Battery,14727,Aluminium,33223.3,1.97,3rdParty,High,25154.2,2022-12,1,0,55
SUP1811,India,Chipset,37182,Plastic,88551.7,2.2,Internal,Medium,70450.5,2023-12,0,0,80
SUP1812,USA,Chipset,75944,Lithium,72287.1,0.82,Hybrid,Low,50870.9,2023-12,0,0,82
SUP1813,China,Screen,1440,Lithium,2785.9,1.6,Hybrid,Low,2933.4,2022-09,0,0,92
SUP1814,Germany,Screen,34948,Lithium,120528.4,2.94,Internal,Medium,87525.3,2023-03,0,0,70
SUP1815,Vietnam,Chipset,66195,Silicon,140213.3,1.99,3rdParty,Medium,182295.4,2022-09,0,0,81
SUP1816,China,Chipset,48800,Glass,43244.5,1.09,Hybrid,Medium,44281.6,2023-01,0,0,73
SUP1817,India,Chipset,32276,Plastic,58549.6,1.65,3rdParty,High,43985.6,2022-06,0,0,90
SUP1818,Vietnam,Chipset,96930,Glass,217542.7,3.04,Hybrid,Medium,313827.5,2022-11,0,0,87
SUP1819,Germany,Screen,84805,Glass,126789.7,1.27,Hybrid,Low,120255.7,2023-06,0,0,88
SUP1820,China,Screen,16945,Plastic,19013.9,1.31,Internal,Medium,21505.6,2022-09,0,0,52
SUP1821,China,Frame,88329,Plastic,197251.0,2.37,3rdParty,Medium,216931.1,2024-02,0,0,76
SUP1822,India,Battery,76922,Aluminium,205386.6,2.58,3rdParty,High,129349.0,2023-05,0,0,76
SUP1823,USA,Screen,36989,Glass,104721.8,2.87,Internal,Medium,118615.3,2022-09,1,0,74
SUP1824,USA,Battery,53798,Silicon,129938.3,1.83,Internal,Medium,113289.4,2022-08,0,1,53
SUP1825,Germany,Camera,56103,Plastic,266857.3,3.09,3rdParty,High,192468.2,2023-09,0,1,67
SUP1826,India,Camera,94925,Lithium,169470.2,1.51,3rdParty,Medium,144102.6,2023-09,1,0,94
SUP1827,India,Frame,23333,Glass,50484.1,2.45,3rdParty,Low,45069.0,2023-06,0,1,80
SUP1828,Vietnam,Battery,20336,Lithium,65506.1,3.05,3rdParty,Medium,90138.8,2022-02,0,1,95
SUP1829,Germany,Chipset,58389,Lithium,54743.4,0.88,Hybrid,Low,71677.5,2022-02,0,0,91
SUP1830,India,Battery,31580,Glass,88345.2,2.91,Internal,Medium,71208.5,2023-01,1,0,85
SUP1831,USA,Screen,53771,Silicon,69855.1,1.13,3rdParty,Medium,77104.1,2022-02,0,1,96
SUP1832,Vietnam,Frame,84290,Aluminium,84337.6,1.54,3rdParty,High,128142.9,2022-08,0,0,56
SUP1833,USA,Battery,27485,Lithium,69348.2,2.07,Internal,Medium,59850.1,2022-02,0,1,90
SUP1834,Germany,Battery,4491,Glass,11349.1,2.22,Hybrid,Medium,10787.8,2024-01,0,0,64
SUP1835,USA,Screen,67940,Plastic,238487.0,3.0,3rdParty,Medium,246038.9,2023-01,0,0,59
SUP1836,China,Battery,77759,Silicon,52762.9,0.72,Hybrid,Low,81159.3,2022-06,0,1,88
SUP1837,China,Battery,37719,Plastic,74889.1,1.87,3rdParty,High,54356.3,2023-02,1,1,61
SUP1838,India,Chipset,89941,Aluminium,78390.6,0.9,3rdParty,Medium,96656.8,2023-05,0,0,88
SUP1839,Germany,Battery,91341,Plastic,211606.5,2.79,Hybrid,Medium,213531.9,2023-06,0,0,69
SUP1840,USA,Screen,8802,Plastic,11303.0,1.0,Internal,Medium,9034.9,2023-11,0,0,62
SUP1841,Germany,Chipset,80858,Aluminium,97864.4,1.09,3rdParty,Medium,80773.2,2023-12,0,0,93
SUP1842,India,Battery,69344,Plastic,214688.1,2.32,Internal,High,208874.0,2023-07,0,0,89
SUP1843,Vietnam,Camera,75855,Silicon,96390.2,1.26,Internal,Medium,63774.4,2024-02,0,1,97
SUP1844,Vietnam,Camera,75526,Lithium,213230.9,3.17,3rdParty,Medium,236837.9,2022-02,0,1,60
SUP1845,Germany,Battery,85437,Plastic,224519.4,2.4,3rdParty,Medium,203749.4,2022-09,0,0,60
SUP1846,China,Camera,59473,Aluminium,197550.2,2.51,Hybrid,Low,187614.6,2022-07,0,0,93
SUP1847,Germany,Screen,44315,Silicon,39092.8,1.46,Internal,Medium,41126.4,2022-11,0,0,57
SUP1848,India,Screen,69099,Plastic,158937.2,1.72,3rdParty,Medium,94634.1,2023-02,0,0,86
SUP1849,Vietnam,Screen,34709,Aluminium,76342.1,2.22,3rdParty,Medium,84517.3,2024-02,0,0,71
SUP1850,India,Screen,95593,Plastic,145957.7,1.98,Hybrid,Medium,163608.7,2023-10,1,0,74
SUP1851,China,Screen,59360,Plastic,36279.5,0.62,3rdParty,High,46997.5,2023-04,1,1,83
SUP1852,USA,Camera,11068,Glass,18859.1,1.85,Internal,Medium,17903.7,2022-06,0,0,93
SUP1853,Germany,Frame,10335,Lithium,11369.4,1.2,Internal,High,15469.0,2023-07,0,0,82
SUP1854,China,Battery,85297,Plastic,53663.1,0.88,3rdParty,High,96810.6,2022-09,0,0,86
SUP1855,Vietnam,Frame,61746,Silicon,162712.5,2.45,3rdParty,Medium,152287.8,2022-12,0,0,99
SUP1856,India,Screen,28293,Plastic,10177.0,0.53,Internal,High,9795.3,2022-03,0,0,81
SUP1857,Vietnam,Screen,28476,Lithium,91334.3,3.07,Internal,Medium,93246.7,2022-11,1,1,51
SUP1858,Germany,Frame,38282,Plastic,45972.4,1.17,3rdParty,Medium,39212.1,2022-02,1,0,54
SUP1859,India,Screen,47666,Plastic,177401.3,3.24,3rdParty,Medium,154266.4,2023-10,0,0,85
SUP1860,USA,Screen,42850,Lithium,62849.2,1.45,Internal,Medium,59822.1,2022-08,1,0,74
SUP1861,Vietnam,Camera,71258,Glass,222700.6,2.57,Hybrid,Medium,160915.5,2023-03,1,0,88
SUP1862,Germany,Frame,31008,Lithium,56460.2,2.14,Hybrid,Low,43519.7,2022-03,1,0,78
SUP1863,USA,Battery,32566,Plastic,80476.3,3.08,3rdParty,High,103727.6,2023-11,1,0,98
SUP1864,India,Frame,23580,Plastic,64290.7,3.03,Internal,High,63762.3,2023-01,0,0,62
SUP1865,India,Chipset,63931,Lithium,271066.3,2.83,Hybrid,High,243366.2,2022-09,0,0,93
SUP1866,Vietnam,Battery,37725,Aluminium,19355.6,0.57,Hybrid,High,27159.8,2022-02,1,0,66
SUP1867,India,Camera,73036,Plastic,67942.2,1.16,3rdParty,Medium,63418.3,2023-09,1,0,75
SUP1868,USA,Chipset,81291,Glass,105595.8,1.32,Hybrid,Medium,141905.6,2023-09,1,0,77
SUP1869,China,Camera,98158,Aluminium,176029.0,2.7,Hybrid,Medium,218985.2,2023-08,0,0,53
SUP1870,India,Battery,77830,Glass,78120.3,0.81,Hybrid,High,76520.1,2022-04,1,0,93
SUP1871,Vietnam,Chipset,5920,Silicon,8270.2,1.82,Hybrid,Medium,10611.1,2023-07,0,0,55
SUP1872,China,Battery,67635,Plastic,145744.1,2.03,Internal,Medium,146706.1,2024-02,0,1,55
SUP1873,India,Battery,78853,Silicon,191193.1,2.36,Hybrid,Low,188947.4,2022-07,1,0,92
SUP1874,India,Screen,6906,Silicon,20474.5,3.33,Hybrid,Low,18544.8,2022-03,1,0,71
SUP1875,China,Camera,81946,Plastic,276165.2,3.03,3rdParty,Medium,273498.2,2022-10,0,0,65
SUP1876,Vietnam,Battery,75642,Aluminium,171153.1,2.4,3rdParty,Low,112806.3,2023-11,0,0,93
SUP1877,India,Camera,1903,Aluminium,2336.0,1.07,Internal,Medium,2057.2,2023-03,0,0,54
SUP1878,China,Screen,50581,Silicon,169261.6,3.25,Internal,High,150625.8,2023-06,0,0,72
SUP1879,Vietnam,Frame,72792,Aluminium,51691.6,0.66,Hybrid,High,45536.6,2023-06,0,0,77
SUP1880,USA,Camera,99706,Silicon,177493.7,2.41,Internal,High,242833.1,2023-03,0,0,71
SUP1881,USA,Frame,4333,Glass,6707.4,2.01,Hybrid,High,10927.6,2022-06,0,0,95
SUP1882,China,Frame,13270,Aluminium,45278.7,3.19,Internal,High,47908.2,2022-08,0,0,79
SUP1883,India,Chipset,22658,Silicon,24074.8,1.11,Hybrid,Medium,25552.8,2023-04,0,0,76
SUP1884,Vietnam,Camera,27998,Glass,75343.5,2.31,3rdParty,Medium,56307.2,2024-02,0,0,99
SUP1885,India,Frame,97917,Silicon,163241.3,1.45,Hybrid,High,140570.8,2022-09,1,0,50
SUP1886,USA,Chipset,27957,Lithium,55673.8,2.15,3rdParty,High,23320.3,2022-09,1,0,64
SUP1887,Vietnam,Frame,22584,Plastic,63907.6,3.08,Internal,Low,80825.1,2023-02,1,0,97
SUP1888,Vietnam,Chipset,25892,Aluminium,22990.3,0.99,Hybrid,Low,22174.4,2022-10,0,0,61
SUP1889,Germany,Chipset,84634,Aluminium,82569.2,0.85,Internal,Low,67102.6,2022-01,0,1,64
SUP1890,Germany,Frame,46511,Lithium,53968.5,0.9,Hybrid,High,40645.6,2022-03,0,0,82
SUP1891,China,Camera,91352,Plastic,109004.5,1.16,Internal,Medium,124660.3,2022-12,0,0,84
SUP1892,Vietnam,Chipset,76379,Plastic,90363.1,1.1,Internal,Medium,127830.4,2022-04,0,0,80
SUP1893,USA,Frame,19228,Lithium,29835.4,1.43,Hybrid,High,31293.5,2023-03,1,0,94
SUP1894,China,Screen,79533,Glass,221266.2,3.02,3rdParty,High,217816.3,2022-04,0,0,50
SUP1895,China,Camera,98047,Glass,490389.1,3.28,Internal,High,355110.7,2023-09,0,1,55
SUP1896,USA,Camera,22159,Aluminium,54991.0,2.27,Internal,Low,27531.2,2023-06,1,0,64
SUP1897,USA,Chipset,15372,Glass,13856.4,0.85,Hybrid,Low,17391.1,2024-01,1,0,99
SUP1898,Vietnam,Screen,86078,Aluminium,108296.1,1.7,Internal,Medium,116369.9,2024-02,1,0,62
SUP1899,USA,Frame,7259,Glass,7056.4,0.96,3rdParty,High,8681.3,2023-01,1,0,62
SUP1900,India,Battery,89078,Silicon,158724.8,2.23,Internal,Low,151057.1,2024-02,1,0,99
SUP1901,Vietnam,Frame,18545,Aluminium,32355.1,2.14,3rdParty,Medium,29192.0,2023-09,0,1,64
SUP1902,India,Screen,28821,Aluminium,70867.0,1.97,3rdParty,Medium,52987.1,2022-07,1,0,86
SUP1903,China,Screen,11467,Silicon,21146.3,2.02,3rdParty,Medium,22793.4,2022-08,0,0,97
SUP1904,China,Battery,31473,Lithium,29865.9,0.86,3rdParty,Medium,22098.6,2023-12,1,0,85
SUP1905,USA,Screen,60886,Lithium,103900.8,1.85,Hybrid,High,45170.2,2024-02,1,0,88
SUP1906,China,Camera,91893,Aluminium,214628.4,2.19,3rdParty,High,143355.2,2022-06,1,0,52
SUP1907,China,Chipset,27038,Silicon,95028.4,2.93,Hybrid,High,77454.9,2022-03,1,0,78
SUP1908,USA,Chipset,91485,Glass,75967.0,0.83,Hybrid,High,93412.9,2023-02,0,0,73
SUP1909,Vietnam,Camera,43348,Aluminium,127438.4,2.94,3rdParty,High,170681.7,2023-03,0,1,96
SUP1910,China,Frame,36194,Plastic,109103.7,2.61,3rdParty,Low,101655.5,2022-03,0,1,79
SUP1911,USA,Battery,28326,Aluminium,13801.2,0.7,3rdParty,High,19522.6,2023-04,1,1,50
SUP1912,Vietnam,Camera,16819,Aluminium,27887.5,2.37,3rdParty,High,39912.9,2022-07,0,0,99
SUP1913,Germany,Battery,7473,Glass,16533.9,2.24,Hybrid,High,18769.5,2023-09,1,0,80
SUP1914,Vietnam,Chipset,12002,Plastic,38413.7,2.89,Hybrid,High,40397.9,2023-02,0,0,50
SUP1915,China,Battery,15319,Plastic,19838.3,1.75,Internal,High,33477.7,2024-02,0,0,70
SUP1916,Vietnam,Frame,83277,Plastic,196861.9,2.77,Internal,Medium,193276.0,2024-02,1,0,78
SUP1917,Germany,Chipset,25022,Glass,69380.2,3.41,Hybrid,High,134433.9,2023-11,0,0,53
SUP1918,USA,Battery,59465,Plastic,168807.8,3.07,Internal,Medium,138685.1,2022-02,0,0,53
SUP1919,India,Screen,20644,Lithium,49525.1,1.98,Hybrid,High,53509.8,2022-10,0,0,88
SUP1920,India,Camera,14012,Silicon,47514.0,3.21,Hybrid,Medium,41549.1,2022-06,1,0,66
SUP1921,Vietnam,Screen,69582,Aluminium,167494.3,2.1,Internal,Medium,177831.6,2022-09,0,0,96
SUP1922,USA,Battery,60331,Silicon,46033.9,0.72,Hybrid,High,37646.4,2023-03,1,0,65
SUP1923,USA,Screen,80314,Plastic,84902.1,1.09,Internal,Medium,94195.7,2023-08,1,0,86
SUP1924,India,Battery,78755,Lithium,165621.7,1.77,Internal,Low,162771.4,2023-03,0,0,53
SUP1925,China,Battery,25283,Silicon,106946.0,3.48,Internal,Medium,89956.5,2022-03,0,1,88
SUP1926,India,Chipset,74398,Plastic,87415.4,1.17,3rdParty,Medium,80594.5,2023-04,1,0,86
SUP1927,USA,Screen,17925,Plastic,37437.0,1.89,Internal,Medium,37015.6,2023-06,0,0,59
SUP1928,China,Battery,65175,Glass,225843.8,3.21,Internal,Medium,212277.6,2023-02,0,0,74
SUP1929,Vietnam,Battery,92005,Silicon,239592.9,2.25,Hybrid,Medium,242742.5,2023-09,0,1,52
SUP1930,China,Camera,21455,Lithium,64291.0,2.98,Internal,Medium,75676.3,2023-02,1,0,82
SUP1931,India,Chipset,37672,Plastic,66809.4,1.69,Internal,Medium,73304.9,2023-05,0,0,53
SUP1932,India,Frame,68035,Plastic,238050.8,2.58,Hybrid,Medium,174158.8,2022-12,1,0,79
SUP1933,India,Camera,26236,Glass,28043.1,1.11,Hybrid,Medium,28601.3,2022-04,0,0,98
SUP1934,USA,Frame,7360,Aluminium,26070.8,2.95,3rdParty,Medium,25803.4,2022-10,0,0,81
SUP1935,Germany,Battery,1500,Lithium,1987.0,1.61,3rdParty,Low,2092.3,2022-11,0,0,83
SUP1936,Germany,Chipset,86237,Silicon,71667.2,0.76,Hybrid,Medium,62413.9,2023-12,0,0,73
SUP1937,China,Camera,24088,Aluminium,52185.9,2.54,Hybrid,High,64873.5,2022-12,0,0,69
SUP1938,Vietnam,Camera,69040,Lithium,62851.5,0.93,Hybrid,High,61178.8,2022-05,0,0,88
SUP1939,Vietnam,Frame,51300,Plastic,26928.8,0.61,3rdParty,High,32792.1,2023-10,1,0,50
SUP1940,USA,Frame,23695,Aluminium,23852.6,0.88,Internal,Medium,19719.6,2023-03,0,1,50
SUP1941,Germany,Battery,86759,Glass,275894.7,3.23,Hybrid,Medium,321208.2,2023-09,1,0,52
SUP1942,India,Screen,79303,Glass,201655.7,2.59,Hybrid,Medium,190274.0,2023-09,0,0,63
SUP1943,Germany,Frame,37176,Glass,107517.4,2.93,3rdParty,Medium,98476.6,2022-10,1,0,95
SUP1944,Germany,Chipset,23880,Lithium,22290.9,0.87,Internal,High,23625.5,2023-05,0,0,67
SUP1945,China,Screen,37734,Glass,59778.8,1.24,3rdParty,Medium,52690.9,2022-09,0,0,66
SUP1946,China,Screen,29183,Plastic,67471.3,2.92,Hybrid,High,82065.9,2023-11,1,1,54
SUP1947,China,Frame,83633,Aluminium,219747.2,2.73,3rdParty,Low,348087.0,2022-08,0,0,83
SUP1948,India,Battery,38204,Plastic,38226.9,1.06,Internal,High,48378.6,2022-10,0,0,63
SUP1949,Germany,Chipset,71218,Silicon,148920.2,2.28,Internal,Medium,163461.7,2023-12,0,0,53
SUP1950,China,Screen,31273,Aluminium,26348.1,0.84,Hybrid,High,24465.9,2022-10,1,0,70
SUP1951,Vietnam,Battery,6250,Silicon,7025.6,0.97,Internal,Low,7568.3,2023-03,0,0,58
SUP1952,India,Screen,49070,Plastic,149932.2,3.02,3rdParty,Medium,133196.3,2024-01,0,0,88
SUP1953,China,Screen,1058,Silicon,2200.7,1.77,Internal,High,1073.2,2022-04,1,0,86
SUP1954,China,Frame,44794,Aluminium,162790.6,2.61,3rdParty,High,166777.1,2023-10,0,0,57
SUP1955,Vietnam,Camera,84583,Silicon,213075.9,2.54,Internal,Medium,160708.2,2023-09,0,0,94
SUP1956,China,Screen,4646,Glass,7723.9,1.2,3rdParty,High,4698.0,2024-02,0,0,64
SUP1957,China,Screen,25512,Glass,34254.7,1.64,Internal,Low,28235.8,2022-09,0,1,85
SUP1958,Vietnam,Battery,48452,Glass,175921.1,3.41,Hybrid,Medium,208717.4,2022-01,0,0,95
SUP1959,India,Chipset,16064,Lithium,38824.8,2.4,Internal,Medium,28442.1,2022-01,0,0,98
SUP1960,USA,Screen,84336,Silicon,292219.9,3.38,Hybrid,High,319543.2,2022-03,0,0,88
SUP1961,India,Chipset,65703,Plastic,156886.8,2.84,Internal,Medium,131429.1,2024-02,0,1,91
SUP1962,Germany,Screen,81398,Aluminium,169038.1,1.99,3rdParty,Medium,149170.0,2022-06,1,0,69
SUP1963,China,Chipset,72428,Silicon,36482.6,0.55,3rdParty,Medium,36565.1,2022-05,0,0,72
SUP1964,Vietnam,Screen,18412,Plastic,30430.0,1.8,Hybrid,Low,32442.3,2023-09,0,0,96
SUP1965,USA,Chipset,51528,Glass,45028.8,0.82,Hybrid,High,32634.5,2023-01,0,0,68
SUP1966,China,Battery,84514,Plastic,239584.8,2.94,3rdParty,Medium,306659.8,2022-02,0,0,68
SUP1967,USA,Battery,57831,Plastic,199719.9,2.82,Hybrid,High,120799.5,2023-03,0,0,90
SUP1968,Vietnam,Frame,16636,Silicon,21021.4,1.69,3rdParty,Low,25080.5,2022-06,0,1,88
SUP1969,USA,Screen,56416,Lithium,53155.7,1.28,Internal,Low,105007.8,2022-04,1,0,75
SUP1970,Germany,Frame,96024,Aluminium,216394.1,2.71,Internal,Medium,330962.0,2022-02,0,0,50
SUP1971,Germany,Screen,9177,Lithium,10860.3,1.07,Hybrid,Low,7701.0,2022-05,0,0,61
SUP1972,India,Chipset,88858,Glass,348687.3,3.06,Internal,High,408304.5,2022-06,1,0,82
SUP1973,USA,Frame,25343,Plastic,17470.7,0.69,Hybrid,Medium,18070.8,2022-08,1,0,86
SUP1974,USA,Chipset,97643,Silicon,118543.0,1.2,3rdParty,Medium,92691.2,2022-06,0,0,81
SUP1975,Germany,Chipset,99979,Aluminium,158415.2,1.91,Hybrid,Low,186639.8,2023-12,0,0,56
SUP1976,USA,Battery,30394,Lithium,69471.6,2.77,Internal,Medium,77791.3,2022-04,0,0,57
SUP1977,USA,Screen,1129,Lithium,2058.7,1.87,3rdParty,High,1876.7,2024-01,0,0,69
SUP1978,USA,Screen,95965,Lithium,461133.2,3.48,Hybrid,Medium,395200.8,2022-12,0,0,65
SUP1979,Germany,Camera,61285,Glass,86532.1,1.71,Hybrid,Medium,92769.8,2022-07,1,0,65
SUP1980,USA,Camera,66206,Lithium,137974.2,3.17,Internal,Medium,188161.4,2023-11,0,0,90
SUP1981,India,Camera,53776,Silicon,32595.5,0.66,Internal,High,33973.3,2022-08,1,0,69
SUP1982,Vietnam,Frame,18540,Lithium,19549.5,1.15,Hybrid,Low,26948.2,2022-08,0,0,69
SUP1983,USA,Screen,50546,Silicon,137714.4,2.41,3rdParty,Medium,159161.4,2023-11,0,1,77
SUP1984,India,Screen,12957,Silicon,37471.4,3.2,Hybrid,Medium,40050.4,2022-09,0,0,68
SUP1985,USA,Camera,23706,Silicon,27285.0,0.76,3rdParty,High,21747.8,2022-05,0,0,73
SUP1986,Vietnam,Frame,76676,Glass,115645.1,2.42,Hybrid,Low,143721.9,2022-01,0,0,87
SUP1987,India,Chipset,3056,Glass,7933.1,2.31,3rdParty,High,9231.9,2024-01,1,1,89
SUP1988,China,Chipset,26574,Aluminium,99617.2,2.66,3rdParty,High,67975.6,2023-10,1,0,87
SUP1989,Germany,Screen,81746,Silicon,133866.2,1.34,Hybrid,Medium,119078.3,2022-09,0,0,57
SUP1990,Vietnam,Battery,84220,Plastic,102000.7,1.11,Internal,Medium,74923.0,2023-06,0,0,94
SUP1991,USA,Chipset,49673,Glass,123573.6,2.66,Hybrid,Medium,152952.9,2023-08,0,1,78
SUP1992,USA,Battery,38918,Silicon,82121.3,2.31,Hybrid,High,76855.5,2023-02,1,0,95
SUP1993,Vietnam,Frame,19991,Silicon,31673.6,1.26,Hybrid,High,25328.1,2023-02,0,0,71
SUP1994,India,Screen,46819,Aluminium,108274.9,2.59,Hybrid,Medium,109948.6,2023-04,0,0,59
SUP1995,USA,Frame,57317,Glass,51897.1,1.04,3rdParty,Medium,68670.3,2023-03,0,0,80
SUP1996,Vietnam,Screen,87778,Glass,54233.5,0.67,Internal,Low,57812.3,2023-04,0,0,52
SUP1997,USA,Screen,5752,Lithium,8730.9,1.48,Hybrid,Medium,6950.4,2022-02,1,1,51
SUP1998,Vietnam,Frame,28332,Glass,13813.4,0.52,3rdParty,High,12876.2,2022-08,0,0,53
SUP1999,China,Battery,58966,Aluminium,69567.7,1.02,Internal,Medium,61835.3,2023-02,1,0,89
